Ruolo,Squadra,Nome,Kap.,8 sq. / 350,10 sq. / 350,8 sq. / 500,10 sq. / 500,M.V.,Pres.
A,Roma,MALENDonyell,61,121.73,151.74,191.34,160.14,"6,72",18
A,Inter,MARTINEZLautaro,53,115.26,120.85,172.13,147.57,"6,41",30
A,Napoli,HOJLUNDRasmus,48,84.56,100.65,137.52,100.25,"6,21",33
A,Milan,RAMOSGoncalo Matias,47,89.22,115.03,136.45,118.12,,
A,Inter,THURAMMarcus,46,74.64,82.19,99.24,87.04,"6,43",29
A,Juventus,KOLO MUANIRandal,43,68.38,84.64,101.40,113.37,,
A,Como,PAZNico,42,62.97,76.02,98.24,84.88,"6,37",35
A,Juventus,WOLTEMADENick,42,54.60,63.48,75.51,87.22,,
C,Inter,CALHANOGLUHakan,40,45.25,62.84,77.81,69.64,"6,52",22
A,Como,KEANMoise,40,66.69,70.39,86.06,80.29,"5,88",26
A,Como,DOUVIKASTasos,39,42.85,51.90,59.02,65.15,"6,18",36
C,Napoli,MCTOMINAYScott,37,44.55,51.31,73.96,60.59,"6,39",33
A,Milan,PULISICChristian,37,37.77,58.66,57.20,66.25,"6,14",27
A,Juventus,YILDIZKenan,35,42.68,49.82,40.34,52.87,"6,38",35
C,Como,BATURINAMartin,33,34.65,38.13,61.33,46.48,"6,30",25
A,Bologna,ORSOLINIRiccardo,33,30.02,44.39,56.19,47.88,"6,05",34
A,Atalanta,SCAMACCAGianluca,33,40.98,60.24,65.77,61.18,"6,18",22
A,Sassuolo,BERARDIDomenico,32,25.91,47.13,37.85,50.10,"6,30",26
A,Udinese,DAVISKeinan,32,30.80,41.71,50.11,50.79,"6,31",30
C,Milan,RABIOTAdrien,32,30.74,35.39,53.37,45.29,"6,32",29
C,Napoli,DE BRUYNEKevin,31,32.35,39.43,43.83,47.47,"6,26",17
A,Roma,DYBALAPaulo,31,44.01,60.86,57.02,67.84,"6,26",21
A,Atalanta,KRSTOVICNikola,31,34.08,35.73,40.22,46.15,"6,15",32
C,Inter,DIMARCOFederico,30,33.96,49.97,60.28,61.04,"6,60",35
A,Inter,ESPOSITO FPFrancesco Pio,29,41.40,45.54,65.14,57.59,"6,25",31
A,Estero,LEAORafael,29,30.82,,,31.50,"5,87",28
A,Atalanta,DE KETELAERECharles,28,29.76,33.34,36.45,43.43,"6,20",31
A,Torino,SIMEONEGiovanni,28,31.65,40.75,31.35,41.18,"6,07",32
A,Udinese,ZANIOLONicolò,28,26.53,32.22,37.86,33.58,"6,25",31
C,Inter,BARELLANicolò,27,24.78,30.08,37.85,32.61,"6,27",34
A,Roma,CASTROSantiago,27,29.52,35.69,25.83,36.21,"5,92",35
A,Sassuolo,LAURIENTEArmand,27,24.21,25.25,24.63,29.68,"6,22",37
A,Lazio,ZACCAGNIMattia,27,26.13,35.41,42.64,48.05,"5,88",26
C,Como,DA CUNHALucas,26,26.78,28.72,32.77,34.42,"6,34",35
A,Roma,MORA CARVALHORodrigo,26,32.95,39.06,47.58,47.73,,
A,Lazio,PINAMONTIAndrea,26,27.88,30.74,28.64,32.71,"5,88",34
A,Atalanta,RASPADORIGiacomo,25,28.09,29.46,29.45,33.25,"6,11",13
A,Roma,SOULEMatias,25,24.23,30.10,24.60,32.09,"6,12",32
D,Juventus,BREMERGleison,24,24.59,31.42,29.74,36.44,"6,32",26
C,Juventus,MCKENNIEWeston,24,20.31,24.50,35.01,27.55,"6,13",34
C,Torino,VLASICNikola,24,23.38,27.95,35.74,29.93,"6,02",37
A,Bologna,DOVBYKArtem,23,25.38,30.13,28.22,35.32,"6,00",13
A,Lazio,GUDMUNDSSONAlbert,23,22.41,30.73,23.88,31.60,"5,87",32
A,Estero,NKUNKUChristopher2025/2026,23,36.46,43.03,40.42,55.85,"5,94",26
P,Roma,SVILARMile,23,28.39,43.20,38.08,48.23,"6,26",38
C,Fiorentina,ATTAArthur,22,21.51,27.17,34.12,31.61,"6,35",32
C,Juventus,CONCEICAOFernandes Francisco,22,18.98,33.67,41.69,36.92,"6,28",30
A,Como,DIAOAssane,22,20.76,29.22,21.50,28.22,"6,00",16
A,Sassuolo,ESPOSITO SSebastiano,22,24.08,29.41,23.82,29.72,"6,26",36
C,Fiorentina,MASTANTUONOFranco,22,24.55,30.57,39.01,32.99,,
C,Roma,WESLEYFrança Lima,22,22.20,33.58,35.58,35.30,"6,11",30
D,Inter,AKANJIManuel,21,17.94,23.40,20.68,25.34,"6,28",32
D,Inter,BASTONIAlessandro,21,21.56,21.68,21.90,28.84,"6,19",28
A,Fiorentina,BETO-,21,47.62,56.65,49.08,57.26,,
P,Atalanta,CARNESECCHIMarco,21,23.59,33.39,34.44,37.00,"6,36",37
C,Atalanta,EDERSON-,21,21.71,27.04,27.72,31.27,"6,25",30
D,Roma,MANCINIGianluca,21,20.63,22.50,25.87,25.65,"6,25",36
C,Milan,MODRICLuka,21,19.47,24.60,18.37,24.52,"6,45",33
C,Roma,MOLINANahuel,21,21.01,28.77,25.66,31.72,,
C,Atalanta,SAMARDZICLazar,21,18.58,25.15,20.24,26.46,"5,92",21
C,Inter,ZIELINSKIPiotr,21,21.96,28.07,28.98,33.55,"6,25",30
D,Inter,BISSECKYann Aurel,20,22.03,25.93,21.28,27.06,"6,21",23
A,Genoa,COLOMBOLorenzo,20,19.26,23.21,23.07,27.58,"5,91",37
C,Fiorentina,GONCALVESPedro António Pereira,20,29.41,36.19,30.81,38.90,,
C,Roma,KONEManu,20,21.74,23.16,24.88,29.19,"6,25",29
P,Milan,MAIGNANMike,20,24.48,33.02,29.90,36.36,"6,25",37
P,Inter,MARTINEZJosep,20,24.67,32.68,36.65,40.50,"6,00",5
D,Milan,PAVLOVICStrahinja,20,20.60,20.80,22.36,21.49,"6,23",34
A,Como,RODRIGUEZJesús,20,21.07,22.06,18.92,24.06,"6,25",28
A,Atalanta,ROWEJonathan,20,21.21,25.84,22.69,37.87,"6,19",28
D,Napoli,RRAHMANIAmir,20,20.54,20.84,19.67,24.29,"6,23",21
C,Lazio,TAYLORKenneth,20,21.81,22.71,19.42,25.41,"6,06",16
P,Juventus,VICARIOGuglielmo,20,25.09,33.84,31.08,39.20,,
A,Juventus,ALAJBEGOVICKerim-Sam,19,19.94,28.81,22.74,32.57,,
P,Como,BUTEZJean,19,20.16,25.62,26.15,27.28,"6,06",38
D,Napoli,DI LORENZOGiovanni,19,18.98,20.26,20.77,23.99,"6,07",26
C,Udinese,EKKELENKAMPJurgen,19,18.59,21.49,23.32,23.37,"6,04",31
D,Juventus,KALULUPierre,19,21.33,24.99,20.89,25.20,"6,13",37
A,Estero,LUKAKURomelu2025/2026,19,31.48,41.08,30.17,44.67,"7,00",1
C,Roma,PELLEGRINILorenzo,19,20.19,22.00,23.77,22.21,"6,04",24
A,Napoli,POLITANOMatteo,19,19.64,24.44,18.79,24.31,"6,09",33
A,Torino,ADAMSChe,18,18.88,23.25,18.30,24.36,"5,98",32
C,Napoli,ANGUISSAAndré Zambo,18,19.00,19.86,17.89,20.79,"6,16",18
C,Milan,DA SILVA MOREIRADiego Manuel Jadon,18,18.06,21.63,20.78,31.26,,
C,Inter,JONESCurtis,18,20.26,22.80,19.01,28.51,,
D,Roma,NDICKAEvan,18,17.66,21.67,18.17,23.19,"6,08",31
C,Milan,SAELEMAEKERSAlexis,18,19.40,19.64,18.44,22.82,"6,14",35
D,Udinese,SOLETOumar,18,16.41,20.82,22.83,21.28,"6,17",34
C,Genoa,BALDANZITommaso,17,19.56,24.30,15.54,20.62,"6,14",17
A,Estero,DAVIDJonathan,17,19.03,,,,"5,76",30
C,Atalanta,KESSIEFranck,17,25.48,31.80,31.89,35.83,,
C,Como,PERRONEMaximo,17,18.38,22.83,15.76,20.33,"6,22",36
A,Frosinone,RAIMONDOAntonio,17,21.52,25.61,18.00,22.87,,
C,Inter,SPENCEDjed,17,17.64,22.13,19.02,24.47,,
D,Inter,STONESJohn,17,17.22,18.43,15.76,19.82,,
C,Inter,SUCICPetar,17,18.89,18.94,17.71,19.11,"6,07",28
C,Sassuolo,THORSTVEDTKristian,17,17.51,18.87,16.57,20.24,"6,14",31
C,Juventus,THURAMKhéphren,17,18.44,19.95,16.88,20.81,"6,10",34
A,Sassuolo,BOWIEKieron,16,16.39,17.88,14.67,18.10,"5,96",14
C,Torino,CASADEICesare,16,17.96,22.27,15.61,21.13,"5,96",32
C,Lazio,FRATTESIDavide,16,26.71,31.73,43.61,44.70,"5,89",14
D,Milan,GILAMario,16,16.93,21.11,19.70,23.64,"6,03",31
C,Milan,HUTCHINSONOmari Giraud,16,17.13,21.04,15.92,19.96,,
C,Atalanta,PASALICMario,16,16.83,17.84,15.50,19.78,"5,93",31
A,Bologna,PICCOLIRoberto,16,17.20,18.14,15.75,24.20,"5,77",27
D,Atalanta,SCALVINIGiorgio,16,16.90,17.46,15.62,19.54,"6,06",24
A,Genoa,VITINHA-,16,20.78,24.96,16.33,19.66,"5,95",31
A,Venezia,YEBOAHJohn,16,17.16,17.51,16.01,20.12,,
A,Estero,BANDALameck2025/2026,15,,22.68,18.29,26.17,"6,07",32
A,Bologna,BERNARDESCHIFederico,15,16.28,17.18,16.79,20.25,"6,04",24
A,Inter,BONNYAnge-Yoan,15,16.44,18.09,16.06,22.77,"6,14",27
C,Juventus,CAMBIASOAndrea,15,16.62,20.15,15.69,19.21,"5,80",36
C,Monza,COLPANIAndrea,15,16.17,17.19,15.55,18.62,,
C,Roma,CRISTANTEBryan,15,17.10,17.61,14.77,19.05,"6,10",37
A,Monza,CUTRONEPatrick,15,15.36,16.31,17.68,20.43,"5,71",14
C,Atalanta,ELMASEljif,15,14.77,16.42,15.13,18.97,"5,80",28
C,Fiorentina,FAGIOLINicolo,15,17.02,17.14,15.33,17.33,"6,03",33
A,Lazio,ISAKSENGustav,15,17.01,17.31,15.15,18.66,"6,03",27
C,Napoli,LOBOTKAStanislav,15,17.47,21.31,15.68,19.66,"6,04",31
C,Juventus,LOCATELLIManuel,15,16.30,16.91,14.84,18.25,"6,26",36
C,Torino,MANDRAGORARolando,15,16.59,16.63,15.46,19.29,"6,04",34
P,Napoli,MERETAlex,15,18.14,28.37,26.55,34.73,"6,22",11
A,Bologna,ODGAARDJens,15,15.83,17.11,15.26,18.54,"5,90",22
D,Genoa,OSTIGARDLeo,15,16.76,17.68,17.37,21.41,"6,13",30
D,Como,RAMONJacobo,15,15.59,18.52,18.96,22.18,"6,15",32
A,Lecce,STULICNikola,15,17.64,21.67,15.41,19.28,"5,73",30
C,Napoli,VERGARAAntonio,15,16.17,20.07,15.32,18.83,"6,25",8
C,Sassuolo,VOLPATOCristian,15,15.83,16.51,15.89,19.15,"6,14",21
A,Torino,ZAPATADuvan,15,16.56,17.41,15.48,19.75,"5,82",23
A,Venezia,ADAMSAkor Jerome,14,16.24,17.40,14.51,18.06,,
C,Parma,BERNABEAdrian,14,16.88,20.56,15.43,18.63,"6,17",32
A,Bologna,CAMBIAGHINicolo,14,15.45,16.58,14.80,18.31,"5,97",24
A,Lazio,CANCELLIERIMatteo,14,14.68,16.07,13.91,17.08,"5,92",28
D,Como,CHALOBAHTrevoh,14,17.03,21.11,18.16,21.26,,
A,Estero,DIABoulaye,14,15.01,17.50,14.66,18.77,"5,68",25
C,Bologna,FERGUSONLewis,14,15.29,16.10,14.23,17.28,"5,80",23
C,Atalanta,GAETANOGianluca,14,16.78,20.75,13.94,17.50,"6,06",32
D,Roma,HERMOSOMario,14,17.28,20.86,14.98,18.04,"6,16",27
A,Cagliari,KEVIN CARLOSOmoruyi Benjamin,14,15.97,16.12,14.65,18.09,,
A,Fiorentina,PELLEGRINOMateo,14,17.65,21.34,24.47,29.19,"5,98",37
A,Estero,RATKOVPetar,14,,,,16.13,"5,66",6
A,Napoli,SANTOSAlisson,14,17.87,31.30,16.55,25.81,"6,34",13
C,Frosinone,SCHMIDRomano,14,16.32,19.94,13.76,16.86,,
P,Bologna,SKORUPSKILukasz,14,15.70,19.49,13.79,25.80,"6,19",18
C,Genoa,SOWDjibril,14,,16.34,14.10,16.40,,
A,Juventus,BOGAJeremie,13,14.60,17.98,13.70,19.55,"6,19",13
C,Frosinone,CALOGiacomo,13,14.93,15.67,12.70,15.74,,
P,Cagliari,CAPRILEElia,13,14.39,17.94,12.95,17.08,"6,28",38
C,Como,CAQUERETMaxence,13,,13.69,,13.32,"6,10",28
C,Milan,CHUKWUEZESamuel,13,15.51,16.51,14.97,18.32,"5,50",1
A,Estero,DALLINGAThijs2025/2026,13,14.58,17.22,13.47,18.13,"5,81",19
P,Fiorentina,DE GEADavid,13,15.30,16.17,13.81,21.83,"6,24",37
A,Lecce,GEUBBELSWillem,13,13.80,15.20,16.69,18.70,,
A,Frosinone,GHEDJEMISFares,13,14.17,17.40,13.21,16.53,,
C,Udinese,KAMARAHassane,13,14.04,15.72,14.08,17.25,"5,88",26
C,Sassuolo,KONEIsmaël,13,,,,20.49,"6,18",35
A,Napoli,NERESDavid Campos,13,14.10,16.97,15.68,19.09,"6,18",16
C,Roma,PISILLINiccolo,13,13.86,14.68,13.34,16.66,"6,09",22
A,Parma,ROMEROJosé David,13,16.55,20.53,15.18,18.10,,
D,Lecce,TIAGO GABRIELCoelho Oliveira,13,14.23,14.78,14.21,16.77,"6,00",36
C,Udinese,UNAI GOMEZEtxebarria,13,14.01,14.15,13.25,15.97,,
D,Genoa,VASQUEZJohan,13,14.39,14.43,13.20,14.92,"6,08",36
C,Atalanta,ZALEWSKINicola,13,14.31,16.06,13.07,17.15,"6,09",31
C,Atalanta,ZAPPACOSTADavide,13,15.08,18.77,13.43,16.84,"6,05",35
D,Milan,BARTESAGHIDavide,12,13.39,14.95,13.41,15.77,"5,96",31
A,Frosinone,BOBCEKTomáš,12,,16.28,,13.99,,
D,Napoli,BUONGIORNOAlessandro,12,13.25,13.39,12.10,14.77,"5,89",32
D,Torino,COMUZZOPietro,12,13.12,13.65,12.75,15.25,"5,75",24
P,Estero,DI GREGORIOMichele2025/2026,12,25.03,32.24,27.44,51.72,"6,08",30
D,Parma,DIEGO CARLOSSantos Silva,12,14.60,17.82,11.94,15.65,"6,14",25
C,Fiorentina,DODO-,12,13.38,13.55,12.07,15.36,"5,98",36
D,Lazio,DOEKHIDanilho,12,13.29,13.56,12.44,15.22,,
P,Lecce,FALCONEWladimiro,12,13.53,16.74,12.18,15.52,"6,40",38
C,Genoa,FRENDRUPMorten,12,,13.51,12.20,15.20,"5,95",36
D,Milan,GABBIAMatteo,12,13.27,13.54,12.18,14.01,"5,91",29
D,Atalanta,HIENIsak,12,11.17,13.37,11.96,14.88,"5,91",28
C,Udinese,KARLSTROMJesper,12,,13.26,12.38,14.71,"5,95",36
D,Como,KEMPFMarc,12,13.17,13.68,12.42,15.37,"6,12",29
C,Juventus,KOOPMEINERSTeun,12,,13.45,12.36,14.67,"5,63",29
P,Lazio,MANDASChristos,12,13.27,14.04,12.79,15.49,,
D,Bologna,MIRANDAJuan,12,13.38,13.48,12.22,13.61,"6,00",31
C,Inter,MKHITARYANHenrikh,12,,13.06,,12.01,"6,21",28
C,Fiorentina,NDOURCher,12,13.06,16.15,12.15,15.43,"5,80",30
A,Lazio,NOSLINTijjani,12,,12.79,,13.17,"6,02",23
P,Udinese,OKOYEMaduka,12,13.14,14.10,12.55,15.78,"6,06",30
A,Torino,ORISTANIOGaetano Pio,12,,15.59,,,"5,77",18
C,Monza,PESSINAMatteo,12,,13.74,,12.29,,
A,Lecce,PIEROTTISantiago,12,,12.00,12.14,12.29,"5,79",37
C,Udinese,PIOTROWSKIJakub,12,15.56,18.27,,12.60,"5,88",30
C,Napoli,SPINAZZOLALeonardo,12,12.91,13.19,12.60,14.00,"6,16",30
A,Atalanta,SULEMANAKamaldeen,12,,12.20,,,"6,00",21
D,Parma,VALERIEmanuele,12,12.89,13.52,12.81,15.59,"6,05",34
D,Como,VALLEÁlex,12,13.14,13.31,12.77,15.16,"6,05",26
C,Cagliari,ADOPONdary,11,,12.41,11.50,12.93,"5,82",38
D,Frosinone,BRACAGLIAGabriele,11,12.14,13.26,11.87,14.08,,
C,Venezia,BUSIOGianluca,11,12.08,12.86,11.20,13.09,,
C,Inter,DIOUFAndy,11,13.74,16.24,18.11,20.06,"6,15",10
A,Genoa,EL SHAARAWYStephan2025/2026,11,17.14,20.89,,10.37,"6,13",18
C,Cagliari,FAZZINIJacopo,11,11.94,12.64,12.52,15.11,"5,87",12
A,Estero,GIMENEZSantiago2025/2026,11,36.15,42.73,27.01,39.80,"5,50",15
D,Fiorentina,JIMENEZAlex,11,12.24,12.60,12.46,15.28,"5,50",1
A,Frosinone,KVERNADZEGiorgi,11,12.09,12.50,11.28,14.18,,
D,Juventus,LUCUMIJhon,11,12.27,13.31,12.77,15.56,"5,87",28
C,Sassuolo,MATICNemanja,11,11.31,12.28,,11.17,"5,95",34
D,Cagliari,MINAYerry,11,11.67,12.49,11.16,12.76,"6,00",26
C,Bologna,POBEGATommaso,11,,,,11.17,"5,82",23
C,Lazio,ROVELLANicolo,11,,12.28,11.14,13.02,"5,72",11
A,Venezia,RRAHMANIAlbion,11,,13.21,,10.88,,
C,Juventus,SARRPape Matar,11,11.53,16.66,11.62,15.67,,
P,Estero,SUZUKIZion2025/2026,11,2.05,2.26,6.70,5.53,"6,02",20
A,Monza,VARELAGustavo Miguel Pereira De Sousa,11,13.17,13.86,12.72,16.10,,
C,Juventus,ZHEGROVAEdon,11,,,10.68,,"5,95",12
A,Como,ADDAIJayden2025/2026,10,11.95,13.07,14.65,15.83,"5,95",12
A,Venezia,ADORANTEAndrea,10,,11.30,,16.34,,
D,Napoli,BADIASHILEBenoit Mukinayi,10,10.54,11.60,10.09,12.32,,
C,Venezia,BASICToma,10,,11.72,,13.72,"6,08",23
P,Genoa,BIJLOWJustin,10,11.43,14.07,10.20,14.41,"6,06",16
C,Torino,BRAGANCADaniel SantosNuovo,10,,,,,,
C,Inter,CARLOS AUGUSTO-,10,11.15,11.29,10.31,12.44,"6,12",28
D,Juventus,CELIKZeki,10,10.86,11.87,11.44,13.63,"6,17",32
D,Torino,COCOSaul,10,11.03,11.20,10.20,12.63,"5,84",35
C,Lecce,COULIBALYLassana,10,10.81,13.44,,12.72,"6,04",33
D,Como,COUTOYan Bueno,10,12.12,15.01,11.37,15.54,,
C,Roma,DE ROONMarten,10,12.72,15.87,10.39,12.68,"5,97",34
D,Parma,DEL PRATOEnrico,10,11.29,11.42,10.80,13.15,"5,91",35
D,Fiorentina,DRAGUSINRadu,10,10.89,12.22,10.62,13.76,,
C,Genoa,ELLERTSSONMikael,10,,11.67,,10.60,"5,84",35
C,Estero,FOFANAYoussouf2025/2026,10,19.89,21.69,15.41,23.37,"5,84",33
C,Lecce,GANDELMANOmri2025/2026,10,,17.79,14.88,19.11,"5,96",16
A,Napoli,GIOVANESantana do Nascimento,10,,10.62,,,"6,00",31
A,Fiorentina,GNONTODegnand Wilfried,10,,15.55,,12.72,,
A,Juventus,GONZALEZNicolas,10,12.63,20.37,19.04,27.55,,
D,Bologna,HOLMEmil,10,11.57,14.23,10.17,12.78,"6,09",16
D,Torino,ISMAJLIArdian,10,11.27,14.03,9.77,12.41,"5,91",24
C,Milan,JASHARIArdon,10,10.68,11.07,10.28,12.75,"5,70",12
C,Parma,KEITAMandela,10,,11.41,10.44,11.60,"6,01",36
D,Roma,KOULIERAKISKonstantinos,10,11.20,11.33,10.30,12.97,,
C,Como,LIBERALIMattia,10,11.00,12.00,10.83,13.67,,
C,Inter,LUIS HENRIQUEde Lima,10,,11.58,,9.27,"5,88",27
A,Cagliari,MALDINIDaniel,10,11.32,12.79,10.32,13.75,"5,94",18
D,Lazio,MARUSICAdam,10,11.27,11.65,10.05,12.84,"5,86",33
A,Bologna,MBANGULASamuel,10,,10.55,,10.01,,
C,Como,MILLALuis Manzanares,10,11.29,11.68,11.14,13.88,,
C,Parma,NICOLUSSI CAVIGLIAHans2025/2026,10,16.58,18.78,16.01,19.99,"5,89",23
C,Estero,NORTON-CUFFYBrooke,10,11.49,17.56,10.52,13.36,"5,92",27
D,Lazio,NUNO TAVARES-,10,14.84,17.63,16.10,17.78,"5,90",22
C,Fiorentina,OULAIChrist Ravynel Inao,10,11.83,14.44,10.20,13.26,,
D,Lazio,PEDRAZAAlfonso Sag,10,10.93,13.50,10.37,12.48,,
C,Venezia,PEREZKike,10,,11.67,10.39,,,
P,Torino,PERRILucas Estella,10,10.91,13.41,9.95,16.60,,
D,Estero,ROMAGNOLIAlessio,10,10.48,14.07,,13.28,"6,03",32
D,Bologna,THEATEArthur,10,11.29,13.96,9.67,12.99,,
D,Milan,TOMORIFikayo,10,,10.40,,11.87,"5,96",32
C,Genoa,TRAOREHamed Junior,10,,,10.13,,,
D,Fiorentina,VALDEPENASVíctor Talavera,10,11.09,11.93,10.02,12.17,,
D,Udinese,VOJVODAMergim,10,11.14,14.00,11.28,13.99,"6,01",27
C,Cagliari,WINKSHarry,10,,,,10.86,,
C,Bologna,ZORTEANadir,10,10.70,11.50,10.23,12.49,"5,85",28
C,Estero,AHANORHonest2025/2026,9,1.54,2.37,4.84,3.50,"5,78",21
C,Monza,AKINSANMIROEbenezer,9,,,,1.00,"5,80",23
C,Torino,BELGHALIRafik,9,3.14,7.56,,7.36,"6,09",26
C,Atalanta,BELLANOVARaoul,9,2.78,5.97,6.12,10.71,"5,81",22
C,Atalanta,BERNASCONILorenzo,9,3.23,7.06,6.50,7.83,"6,09",22
D,Napoli,BEUKEMASam,9,1.49,1.85,1.71,,"5,93",22
A,Cagliari,BORRELLIGennaro,9,,,,5.65,"5,92",26
A,Monza,DANY MOTA-,9,,1.58,,6.09,,
C,Lazio,DELE-BASHIRUFisayo2025/2026,9,,13.23,,14.31,"5,69",21
D,Estero,DJIMSITIBerat2025/2026,9,17.55,18.58,15.33,19.35,"5,86",33
C,Cagliari,FELICIMattia2025/2026,9,,,,,"6,04",11
D,Lecce,GALLOAntonino,9,1.16,1.22,2.13,4.93,"5,94",37
C,Torino,GINEITISGvidas2025/2026,9,,,,14.84,"5,87",27
C,Estero,GUTIERREZMiguel2025/2026,9,17.13,20.04,16.73,19.75,"5,97",21
A,Genoa,HAVELElias,9,,1.11,,,,
D,Bologna,HEGGEMTorbjørn,9,1.50,2.73,3.86,4.56,"5,84",25
D,Sassuolo,IDZESJay,9,1.89,2.93,2.98,3.14,"5,94",35
C,Atalanta,KRISTENSENThomas,9,2.54,5.47,6.27,7.02,"5,98",28
D,Sassuolo,LEYSENFedde,9,4.05,4.46,1.81,5.77,,
C,Milan,LOFTUS-CHEEKRuben,9,1.63,3.45,1.89,9.30,"6,09",21
A,Napoli,LUCCALorenzo,9,2.69,3.33,2.17,13.12,"5,72",9
D,Genoa,MARCANDALLIAlessandro,9,1.45,2.39,3.46,3.95,"5,87",31
C,Estero,MARTINAaron2025/2026,9,16.69,18.59,14.46,18.91,"5,96",29
A,Estero,MORATAAlvaro2025/2026,9,19.11,27.10,22.45,31.93,"5,50",17
C,Bologna,MORONikola2025/2026,9,,,,14.31,"5,92",28
P,Sassuolo,MURICArijanet,9,2.61,4.57,3.23,7.66,"6,07",32
A,Fiorentina,NJIEAlieu,9,2.40,9.24,3.64,9.65,"5,80",10
A,Cagliari,NZOLAM'Bala,9,,4.48,,11.44,"5,96",27
D,Sassuolo,OBRADORRafa,9,1.86,2.04,2.96,3.41,"6,06",16
A,Estero,ONDREJKAJacob2025/2026,9,16.21,26.95,,11.98,"5,70",15
A,Genoa,OSMAJICMilutin,9,,1.02,3.86,4.68,,
C,Torino,PATTERSONNathanNuovo,9,,,,,,
D,Inter,PAVARDBenjamin,9,2.08,2.76,5.68,5.21,"6,50",1
D,Roma,RENSCHDevyne,9,1.07,1.59,1.17,2.47,"6,15",19
A,Monza,ROBINSONJay,9,,2.82,,4.59,,
C,Cagliari,ROMANOAlessandro,9,6.87,8.23,5.73,7.21,,
P,Venezia,STANKOVICFilip,9,1.79,2.11,1.04,5.87,,
D,Lazio,SUTALOJosip,9,3.45,3.75,3.11,5.29,,
C,Frosinone,ZERBINAlessio,9,,,,6.71,"5,75",29
C,Sassuolo,ADZICVasilije,8,6.10,7.46,7.41,9.03,"6,12",4
C,Genoa,AMORIMAlex2025/2026,8,,,,2.42,"5,72",9
C,Sassuolo,BAKOLADarryl,8,1.10,2.95,4.25,4.35,"6,16",3
D,Cagliari,BEIDIFrancesco GalleaNuovo,8,,,,,,
D,Venezia,BELLA-KOTCHAPArmel,8,3.18,3.38,2.74,3.66,"5,83",18
C,Lecce,BERISHAMedon,8,,1.09,2.41,4.06,"6,16",12
A,Frosinone,BIRLIGEADanielNuovo,8,,,,,,
C,Torino,CACCIAMANIAlessio,8,4.67,4.94,6.30,8.15,,
A,Milan,CAMARDAFrancesco,8,1.53,3.13,5.26,4.98,"5,66",18
C,Lazio,CATALDIDanilo2025/2026,8,18.12,20.61,16.25,20.72,"6,07",27
A,Serie Minori,CHEDDIRAWalid2025/2026,8,,19.42,17.14,31.13,"5,81",24
D,Estero,CIRCATIAlessandro2025/2026,8,13.85,14.03,12.89,15.49,"5,91",31
D,Venezia,CORREIAThierry Rendall,8,2.14,1.98,,2.67,,
D,Sassuolo,DOIGJosh,8,1.56,1.92,3.46,4.69,"5,85",27
A,Sassuolo,DOMINGUEZBenjamín2025/2026,8,,15.20,,6.07,"5,83",12
C,Parma,FABBIANGiovanni,8,2.02,2.24,2.81,5.16,"5,79",22
C,Napoli,FAVASULICostantino2025/2026,8,,,,,,
C,Torino,FITZ-JIMKian,8,6.83,5.92,2.78,4.66,,
A,Parma,FRIGANMatija,8,,1.12,,,,
D,Roma,GHILARDIDaniele,8,1.67,2.18,0.99,5.24,"5,97",21
C,Frosinone,GRILLITSCHFlorianNuovo,8,,,,,,
C,Torino,ILKHANEmirhan2025/2026,8,,,,10.60,"5,82",17
D,Udinese,KABASELEChristian,8,1.14,2.26,2.78,5.68,"5,98",28
D,Juventus,KELLYLloyd,8,2.13,4.43,4.58,6.38,"6,01",35
C,Frosinone,KOUTSOUPIASIliasNuovo,8,,,,,,
A,Torino,KULENOVICSandro,8,,,,3.53,"5,71",7
C,Monza,MANGASRicardo Luís Chaby,8,2.70,4.11,3.51,4.55,,
C,Genoa,MEICHTRYFranz-Ethan,8,,2.66,,,,
D,Frosinone,MONTERISIIlario,8,1.89,3.64,2.02,4.09,,
D,Cagliari,OBERTAdam,8,1.61,2.44,2.08,4.14,"5,88",34
C,Napoli,OLIVERAMathías,8,,1.09,1.56,4.17,"5,75",22
C,Estero,PAYEROMartin2025/2026,8,,12.66,,5.30,"5,90",25
C,Estero,PEDERSENMarcus,8,,5.04,,,"5,83",28
C,Venezia,SOHMSimon2025/2026,8,14.61,16.97,16.34,21.41,"5,64",24
C,Cagliari,SUGAWARAYukinari,8,1.10,,,4.77,,
C,Monza,TOUREIdrissa2025/2026,8,13.57,15.55,11.97,15.43,"5,81",30
D,Lecce,VEIGADanilo de Melo,8,,1.74,2.77,5.59,"5,81",36
D,Fiorentina,VIERYViery,8,1.63,2.02,1.04,3.25,,
D,Sassuolo,WALUKIEWICZSebastian,8,,,,1.06,"5,80",34
A,Monza,ZEBALLOSExequiel,8,1.08,10.90,,1.41,,
A,Parma,ALMQVISTPontus2025/2026,7,,1.11,,,"5,94",9
C,Bologna,AMONDARAINMikel JesusNuovo,7,,,,,,
D,Roma,BALERDILeonardo Julián RossaNuovo,7,,,,,,
C,Milan,BONDOWarren2025/2026,7,,12.66,,15.90,"5,85",27
C,Fiorentina,BRESCIANINIMarco,7,,,,3.35,"5,97",18
C,Frosinone,CICHELLAMatteoNuovo,7,,,,,,
D,Milan,DE WINTERKoni,7,4.49,5.38,3.20,4.86,"5,75",24
C,Juventus,DOUGLAS LUIZ-,7,3.33,6.44,5.61,6.99,,
A,Juventus,EKHATORJeff,7,,1.30,,,"5,96",25
C,Estero,EL AYNAOUINeil2025/2026,7,15.78,19.67,14.34,18.08,"5,97",21
C,Cagliari,FADERAAlieu2025/2026,7,,18.43,,6.98,"5,91",24
C,Monza,FOLORUNSHOMichael,7,,,2.93,,"6,03",26
D,Lecce,GASPARKialonda,7,1.23,2.52,0.99,4.44,"5,83",21
C,Napoli,GILMOURBilly2025/2026,7,,10.83,,5.30,"6,07",13
A,Udinese,GUEYEIdrissa,7,,3.03,,9.62,"5,75",12
D,Como,KAIKIBruno Da Silva,7,3.99,4.52,4.94,5.61,,
D,Atalanta,KOLASINACSead,7,,2.38,1.66,6.62,"6,02",17
D,Atalanta,KOSSOUNOUOdilon,7,3.46,3.77,3.00,6.66,"5,93",16
A,Estero,KUHNNicolas2025/2026,7,18.91,18.97,,20.58,"5,96",14
A,Napoli,LANGNoa,7,0.96,3.14,,3.34,"6,03",14
C,Genoa,MESSIASJunior2025/2026,7,,23.75,21.96,25.03,"6,18",19
P,Napoli,MILINKOVICVanja,7,6.26,6.67,2.52,7.29,"6,20",27
C,Udinese,MILLERLennon2025/2026,7,,13.93,,5.83,"5,92",19
C,Estero,MIRETTIFabio2025/2026,7,13.05,16.04,16.73,17.86,"5,96",15
A,Lecce,MONTEIROJoel AlmadaNuovo,7,,,,,,
A,Estero,MUTANDWAKingstoneNuovo,7,,,,,,
C,Lecce,NGOMOumar2025/2026,7,,,,,"5,69",13
A,Monza,NGONGECyril,7,,3.26,,1.01,"5,82",17
D,Sassuolo,ODENTHALCas2025/2026,7,,,,,,
P,Frosinone,PALMISANILorenzo,7,3.23,3.43,2.93,3.96,,
C,Fiorentina,PARISIFabiano2025/2026,7,13.89,14.44,13.07,14.55,"6,02",23
D,Fiorentina,PONGRACICMarin,7,,,1.74,6.00,"5,84",35
C,Estero,PRATIMatteo2025/2026,7,,14.80,,14.84,"5,87",32
D,Fiorentina,RANIERILuca,7,1.95,2.03,,,"5,85",31
C,Como,RICCISamuele,7,,,,4.46,"6,00",28
P,Como,SANCHEZRobert Lync,7,1.44,3.54,1.21,7.61,,
D,Como,SMOLCICIvan,7,1.87,1.87,,,"5,96",25
C,Estero,SORENSENOliver2025/2026,7,,18.09,,7.95,"5,85",30
A,Fiorentina,SOTTILRiccardo2025/2026,7,13.67,16.88,14.08,17.97,"6,02",21
C,Sassuolo,SULEMANAIbrahim2025/2026,7,,1.17,4.82,3.97,"5,69",18
D,Parma,VALENTILautaro,7,,,,5.30,"5,96",27
D,Bologna,VITIKMartin2025/2026,7,11.95,14.31,10.15,14.57,"5,94",18
C,Serie Minori,ZAPPAGabriele2025/2026,7,15.79,16.88,12.90,16.62,"5,90",25
D,Cagliari,ZE PEDROda Silva Figueiredo Freitas,7,,1.89,,2.79,"5,77",22
A,Estero,ALVAREZAgustin2025/2026,6,,,,,,
C,Estero,ASLLANIKristjan2025/2026,6,,,,1.06,"5,57",14
A,Monza,BALDEKeitaNuovo,6,,,,,,
D,Udinese,BERTOLANicolo,6,1.19,,,,"5,86",25
C,Monza,BIRINDELLISamuele,6,1.73,2.19,3.45,2.20,,
D,Parma,BRITSCHGISascha2025/2026,6,,1.98,1.02,7.31,"5,75",28
D,Sassuolo,CALETA-CARDujeNuovo,6,,,,,,
D,Frosinone,CALVANIGabriele,6,2.21,2.19,2.02,2.00,,
D,Monza,CARBONIAndrea,6,,,4.54,,,
A,Milan,CISSEAlphadjo,6,8.77,9.84,10.07,11.54,,
C,Monza,CIURRIAPatrickNuovo,6,,,,,,
C,Monza,COLOMBOLeonardoNuovo,6,,,,,,
D,Torino,COMERTEray ErvinNuovo,6,,,,,,
D,Serie Minori,DELLI CARRIFilippoNuovo,6,,,,,,
C,Genoa,EHIZIBUEKingsley2025/2026,6,17.66,20.26,15.27,,"5,82",26
A,Parma,ELPHEGENesta,6,,1.50,,3.50,"6,00",8
A,Frosinone,FINISeydou2025/2026,6,,,,,,
C,Torino,FORTININiccolo,6,,1.70,,,"5,95",12
C,Cagliari,GAGLIARDINIRoberto2025/2026,6,,17.73,,,"5,91",28
D,Juventus,GATTIFederico2025/2026,6,18.66,22.65,15.41,19.78,"5,93",16
C,Frosinone,GELLIFrancescoNuovo,6,,,,,,
D,Venezia,HAINAUTAntoine,6,2.71,2.56,3.89,3.12,,
C,Venezia,HAPSRidgeciano,6,1.07,1.23,,2.41,,
D,Venezia,JESUSJuan,6,,1.94,,,"5,85",21
C,Fiorentina,JOAO MARIONeto Lopes,6,2.10,2.20,1.74,4.03,"5,78",14
A,Udinese,JOVANOVICLazarNuovo,6,,,,,,
D,Cagliari,KOFLERRaphaelNuovo,6,,,,,,
C,Udinese,LOVRICSandi2025/2026,6,11.36,13.83,12.49,14.77,"5,75",10
C,Lecce,MALEHYoussef2025/2026,6,,,,,"5,69",21
C,Frosinone,MASINIPatrizio2025/2026,6,,10.28,,14.13,"5,97",21
C,Como,MAZZITELLILuca2025/2026,6,15.25,15.86,,6.87,"6,07",14
D,Venezia,MORENOMatíasNuovo,6,,,,,,
C,Milan,MUSAHYunus,6,,,,3.94,"5,93",16
A,Lecce,N’DRIKonan,6,,1.76,,1.06,"5,82",17
C,Parma,ORDONEZChristian2025/2026,6,,,,,"5,78",21
A,Serie Minori,PETAGNAAndreaNuovo,6,,,,,,
D,Lazio,PROVSTGAARDOliver,6,,1.28,1.55,4.21,"5,91",23
D,Cagliari,RODRIGUEZJuan,6,,1.07,2.80,5.88,"5,62",16
C,Torino,RODRIGUEZRicardoNuovo,6,,,,,,
D,Lecce,SIEBERTJamil,6,,,,6.49,"5,68",19
C,Inter,STANKOVICAleksandar,6,2.98,2.78,1.21,,,
D,Frosinone,TCHATOEnzo MbiayiNuovo,6,,,,,,
C,Milan,TERRACCIANOFilippo2025/2026,6,13.20,14.17,11.47,14.60,"5,85",35
C,Genoa,VENTURINOLorenzo2025/2026,6,,8.77,,0.53,"5,85",7
A,Torino,ABOUKHLALZakaria2025/2026,5,,1.26,,0.50,"5,77",11
C,Udinese,ARIZALAJuan2025/2026,5,,,,,"5,80",5
D,Estero,ATHEKAMEZachary2025/2026,5,15.76,19.67,,6.57,"5,94",17
C,Estero,BENNACERIsmael2025/2026,5,,,,,,
A,Estero,BUKSAAdam2025/2026,5,,,,16.96,"5,88",21
D,Sassuolo,CANDEFali2025/2026,5,,2.23,,0.53,"5,68",8
D,Frosinone,CITTADINIGiorgioNuovo,5,,,,,,
C,Milan,COMOTTOChristian2025/2026,5,,,,,,
C,Cagliari,DEIOLAAlessandro2025/2026,5,,,,,"5,97",20
D,Como,DOSSENAAlberto2025/2026,5,4.31,5.13,,2.38,"5,81",11
C,Genoa,DRAMEHCodyNuovo,5,,,,,,
C,Venezia,DUNCANAlfredNuovo,5,,,,,,
D,Udinese,EBOSSEEnzo2025/2026,5,,0.90,,,"5,75",16
D,Milan,ESTUPINANPervis,5,1.15,1.37,,1.89,"5,64",14
A,Lecce,FATAHAmar AbdirahmanNuovo,5,,,,,,
A,Venezia,FERNANDEZAntonio Casino,5,,0.76,,,,
C,Lazio,FLORIANI MUSSOLINIRomano,5,2.03,2.60,1.82,2.48,"5,71",23
C,Lecce,GORTEROlaf,5,,,2.49,,"5,50",1
D,Venezia,HALHALRedouaneNuovo,5,,,,,,
C,Frosinone,HASALuis2025/2026,5,,,,,,
C,Venezia,HELGASONThorir2025/2026,5,,,,,"5,62",4
D,Bologna,HELLANDEivind,5,,1.58,2.66,2.47,"5,50",6
D,Como,KAMBWALAWillyNuovo,5,,,,,,
A,Bologna,KARLSSONJesper2025/2026,5,,,,,,
D,Lazio,LAZZARIManuel2025/2026,5,2.32,3.56,5.88,6.36,"5,81",16
C,Sassuolo,LIPANILuca2025/2026,5,,11.94,,5.83,"5,92",21
A,Parma,LONTANISimone,5,3.14,3.76,3.94,4.40,,
D,Monza,LUCCHESILorenzoNuovo,5,,,,,,
A,Cagliari,MENDYPaul,5,2.88,3.21,3.25,3.90,"6,00",5
D,Genoa,MITAJMarioNuovo,5,,,,,,
P,Lazio,MOTTAEdoardo,5,2.57,2.54,1.27,2.69,"6,00",9
P,Torino,PALEARIAlberto,5,1.05,,1.93,3.53,"6,08",29
D,Lazio,PELLEGRINILuca2025/2026,5,6.93,5.98,6.64,6.11,"5,85",24
D,Estero,POSCHStefan2025/2026,5,,,,,"6,06",8
C,Roma,SALAH-EDDINEAnass2025/2026,5,,,,,,
D,Venezia,SCHINGTIENNEJoëlNuovo,5,,,,,,
D,Frosinone,TERZICAleksaNuovo,5,,,,,,
P,Monza,THIAMDemba,5,1.19,,,3.56,,
A,Parma,TOUREEl Bilal,5,6.30,6.69,3.96,10.43,,
D,Parma,TROILOMariano,5,2.00,2.00,2.82,3.77,"5,78",21
A,Estero,VAZRobinio2025/2026,5,13.90,16.99,11.98,18.48,"5,92",7
C,Udinese,ZANOLIAlessandro,5,1.08,,,,"6,05",19
C,Estero,ZEMURAJordan2025/2026,5,1.61,1.80,,2.12,"5,86",15
D,Bologna,ALHASSANEAbdel Rahim BonkanoNuovo,4,,,,,,
C,Estero,ANGELINOJose2025/2026,4,13.22,14.66,18.34,22.47,"5,83",6
C,Torino,ANJORINTino2025/2026,4,,0.90,,5.30,"5,77",9
C,Cagliari,AURELIOGiuseppeNuovo,4,,,,,,
D,Estero,BALOGHBotond2025/2026,4,,,,,,
C,Lazio,BELAHYANEReda2025/2026,4,,1.17,,,"5,77",11
C,Torino,BIRAGHICristiano2025/2026,4,3.93,6.69,6.24,5.00,"5,59",11
C,Sassuolo,BOLOCADaniel2025/2026,4,,2.53,,0.53,"5,75",2
C,Juventus,CABALJuan2025/2026,4,4.80,4.32,,1.58,"5,94",9
D,Bologna,CASALENicolò2025/2026,4,2.17,3.80,,4.77,"5,65",10
C,Udinese,CHAKVETADZEGiorgiNuovo,4,,,,,,
P,Parma,DAFFARAGiovanni,4,1.16,1.20,0.46,2.06,,
A,Genoa,DE SOUZA JÚNIORRobsonNuovo,4,,,,,,
A,Parma,DIALLO THIAOOusmaneNuovo,4,,,,,,
C,Bologna,EL AZZOUZIOussama2025/2026,4,,,,,,
C,Monza,FORSONOmariNuovo,4,,,,,,
D,Venezia,FRANJIćBartolNuovo,4,,,,,,
D,Monza,GOGLICHIDZESaba2025/2026,4,,,,,"5,75",6
C,Cagliari,IDRISSIRiyad2025/2026,4,,11.75,,5.30,"5,82",17
C,Lecce,ILICIvan2025/2026,4,,1.62,,19.08,"6,00",8
D,Napoli,MARIANUCCILuca2025/2026,4,4.42,3.81,2.93,4.18,"5,72",11
D,Napoli,MARINRafa,4,2.59,2.94,2.58,,,
C,Cagliari,MASSOLINYanisNuovo,4,,,,,,
A,Juventus,MILIKArek,4,,5.09,,1.76,"6,00",2
D,Parma,NDIAYEAbdoulaye2025/2026,4,,1.08,,,"5,59",11
D,Frosinone,OYONOAnthony,4,,,2.62,3.18,,
D,Udinese,PALMAMatteo,4,3.89,3.82,4.82,4.89,"5,50",4
D,Lazio,PATRIC-2025/2026,4,,4.52,,6.36,"5,85",10
P,Serie Minori,PERINMattia,4,1.12,,,4.12,"6,11",9
D,Genoa,PUCZKADavidNuovo,4,,,,,,
C,Genoa,SABELLIStefano2025/2026,4,,,,,"5,80",13
C,Venezia,SAGRADORichieNuovo,4,,,,,,
D,Venezia,SVERKOMarinNuovo,4,,,,,,
D,Estero,VALENTININicolas2025/2026,4,,1.17,,0.53,"5,78",19
D,Sassuolo,VAN DER BREMPTIgnace,4,,2.32,,3.40,"5,96",14
C,Udinese,ZARRAGAOier2025/2026,4,,,,,"5,75",10
D,Frosinone,AKPOGUMAKevinNuovo,3,,,,,,
D,Serie Minori,ALTAREGiorgioNuovo,3,,,,,,
C,Monza,BAKOUNEAdamNuovo,3,,,,,,
A,Udinese,BAYOVakoun,3,,1.90,,1.70,"5,75",12
A,Estero,BENEDYCZAKAdrian2025/2026,3,,,,,"5,95",10
C,Serie Minori,BOHINENEmil2025/2026,3,,,,,,
D,Estero,BRORSSONArvidNuovo,3,,,,,,
C,Cagliari,CIERVORiccardo2025/2026,3,,,,,,
C,Parma,CREMASCHIBenjamín2025/2026,3,,,,1.06,"6,00",1
D,Estero,CUENCA CEJUDOAndrésNuovo,3,,,,,,
P,Frosinone,DESPLANCHESSebastianoNuovo,3,,,,,,
D,Milan,DIAWARASankhounNuovo,3,,,,,,
C,Monza,FOE ONDOAMangaNuovo,3,,,,,,
D,Serie Minori,GELLIJacopoNuovo,3,,,,,,
C,Sassuolo,GHIONAndrea2025/2026,3,,,,,,
D,Lazio,GIGOTSamuel2025/2026,3,,,,6.52,,
D,Como,GOLDANIGAEdoardo2025/2026,3,,,,1.06,,
D,Lecce,JEANGaby2025/2026,3,,,,,"5,80",5
C,Frosinone,KONEBen Lhassine2025/2026,3,,,,,,
D,Monza,KOUADIOEddy,3,,,1.48,2.47,"6,00",2
C,Roma,LULLIEmanuele,3,1.50,4.01,2.98,5.65,,
C,Venezia,MAZZOCCHIPasquale2025/2026,3,,,,,"5,94",9
A,Serie Minori,MOROLuca2025/2026,3,,,,,"5,58",6
A,Serie Minori,MULATTIERISamuele2025/2026,3,,,,,,
D,Genoa,OTOASebastian2025/2026,3,,1.26,,0.53,"5,60",10
P,Inter,PROVEDELIvan,3,3.89,4.28,2.02,4.71,"6,25",27
D,Udinese,ABANKWAHJames,2,3.32,3.12,1.14,1.44,,
A,Estero,ALBARRACINAgustin2025/2026,2,,,,,"6,00",2
D,Estero,AMORANPeter2025/2026,2,,,,,,
D,Monza,ANTOVValentinNuovo,2,,,,,,
A,Estero,AZONIvan2025/2026,2,,,,,,
C,Atalanta,BAKKERMitchel2025/2026,2,,,,,,
D,Estero,BONFANTIGiovanni2025/2026,2,,,,,"5,61",9
C,Serie Minori,BRAUNODERMatthias2025/2026,2,,,,,,
A,Serie Minori,BURNETERares2025/2026,2,,,,,,
D,Parma,CARBONIFranco Ezequiel2025/2026,2,,,,,"6,00",2
A,Estero,CASASAntonioNuovo,2,,,,,,
D,Sassuolo,CINQUEGRANOSimone,2,,1.14,,2.12,,
P,Parma,CORVIEdoardo,2,1.06,3.38,1.08,6.14,"6,17",17
A,Serie Minori,D'ANDREALucaNuovo,2,,,,,,
D,Bologna,DE SILVESTRILorenzo2025/2026,2,,,,,"6,05",10
C,Lecce,DEMBELEAli2025/2026,2,,,,,"5,00",1
D,Parma,DROBNICDominik2025/2026,2,,,,,,
C,Lecce,FOFANASadik2025/2026,2,,,,3.18,"5,50",2
C,Serie Minori,GALAZZINicolasNuovo,2,,,,,,
A,Serie Minori,GROSSOFilippoNuovo,2,,,,,,
C,Serie Minori,IANNONIEdoardo2025/2026,2,,,,,"6,00",5
D,Serie Minori,ILICMihajlo2025/2026,2,,,,3.18,,
A,Estero,JOVICMilošNuovo,2,,,,,,
C,Lecce,KABAMohamed2025/2026,2,,,,,"5,77",11
D,Estero,KOUASSIOwen2025/2026,2,,,,,"5,50",4
A,Venezia,LISMANKornelNuovo,2,,,,,,
C,Torino,LUONGOAndreaNuovo,2,,,,,,
D,Monza,MAYEYvan2025/2026,2,,,,,,
D,Serie Minori,MISSORIFilippo2025/2026,2,,,,,,
D,Estero,MLACICBranimir2025/2026,2,,,,1.06,"5,83",3
P,Venezia,MONTIPO'Lorenzo,2,,,0.31,,"6,20",35
C,Monza,MOUTMathis,2,,1.56,,,,
P,Udinese,MROZEKBartosz,2,,1.15,0.05,,,
D,Lecce,NDABACorrie2025/2026,2,,,,,"5,50",9
A,Serie Minori,OKOROAlvin ObinnaNuovo,2,,,,,,
D,Sassuolo,PIERAGNOLOEdoardo2025/2026,2,,,,,,
A,Sassuolo,PIERININicholas2025/2026,2,,,,,"6,00",4
C,Serie Minori,ROUHIJonas2025/2026,2,,,,,,
D,Juventus,RUGANIDaniele2025/2026,2,1.15,1.84,3.22,3.44,"5,68",8
C,Estero,RUI MODESTOMuati2025/2026,2,,,,,"5,75",2
A,Sassuolo,SKJELLERUPLaurs2025/2026,2,,,,,,
P,Milan,TERRACCIANOPietro,2,1.07,1.12,0.61,1.53,"6,00",2
D,Serie Minori,VEROLIDavide2025/2026,2,,,,,,
D,Serie Minori,VOGLIACCOAlessandro2025/2026,2,,,,,,
D,Estero,WIETESKAMateusz2025/2026,2,,,,,,
D,Lecce,ADDOVernon2025/2026,1,,,,,,
C,Cagliari,AKARAKIRIDemiNuovo,1,,,,,,
A,Serie Minori,AMBROSINOGiuseppe2025/2026,1,,,,,"5,75",2
D,Frosinone,AMEYWisdomNuovo,1,,,,,,
P,Estero,AUDEROEmil2025/2026,1,15.83,16.43,13.09,23.29,"6,20",34
C,Serie Minori,BJARKASONBjarkiNuovo,1,,,,,,
P,Lecce,BLEVEMarco,1,,,0.19,,,
P,Lecce,BORBEIAlexandru2025/2026,1,,,,,,
A,Estero,BRASCHIRiccardo2025/2026,1,,,,,,
C,Estero,CAMARAAbdoulaye2025/2026,1,,,,,,
C,Serie Minori,CAVUOTINicolo2025/2026,1,,,,,,
A,Serie Minori,CHERUBINILuigi2025/2026,1,,,,,,
P,Fiorentina,CHRISTENSENOliver,1,0.76,1.22,0.42,0.81,"7,50",1
P,Serie Minori,CIOCCIGiuseppe2025/2026,1,,,,,,
A,Serie Minori,COLLEYMuhammedNuovo,1,,,,,,
P,Napoli,CONTININikita,1,,1.13,0.47,0.84,,
C,Serie Minori,CORRADONiccoloNuovo,1,,,,,,
C,Venezia,DAGASSOMatteoNuovo,1,,,,,,
A,Parma,DE MARTIS DE LA ROSAThomásNuovo,1,,,,,,
P,Roma,DE MARZI GIORGIOGiorgio,1,3.88,3.47,0.35,0.74,,
P,Inter,DI GENNARORaffaele,1,2.27,2.28,0.55,0.89,"6,00",1
C,Frosinone,EL AZZOUZIAnouarNuovo,1,,,,,,
C,Lazio,FARCOMENIValerio2025/2026,1,,,,,,
D,Frosinone,FAYEDOmarNuovo,1,,,,,,
P,Estero,FRUCHTLChristian2025/2026,1,,,,,,
P,Lazio,FURLANETTOAlessio2025/2026,1,4.26,3.79,1.06,1.29,"6,50",2
A,Serie Minori,GABRIELLONIAlessandro2025/2026,1,,,,,,
C,Lazio,GALASSIBrunoNuovo,1,,,,,,
P,Parma,GHIDOTTISimone,1,,,0.04,,,
P,Roma,GOLLINIPierluigi,1,0.99,1.04,0.58,0.91,,
D,Venezia,GOMESAlejandro FurtadoNuovo,1,,,,,,
P,Juventus,GRABARAKamil,1,0.92,1.02,0.55,1.35,,
P,Venezia,GRANDIMatteo,1,,,0.31,,,
P,Bologna,HAPPONENUkko,1,,,0.19,1.06,,
P,Torino,ISRAELFranco2025/2026,1,1.74,13.90,4.99,8.52,"5,88",9
C,Parma,KONATEAbdou-Salam2025/2026,1,,,,,,
D,Serie Minori,KOSPOEman2025/2026,1,,,,,,
C,Serie Minori,KOUDARachid2025/2026,1,,,,,,
C,Lecce,KOVACNiko2025/2026,1,,,,,,
A,Lecce,LAERKEHjalteNuovo,1,,,,,,
C,Como,LAHDOAdrian2025/2026,1,,,,,,
A,Venezia,LAUBERBACHLionNuovo,1,,,,,,
C,Serie Minori,LELLANunzioNuovo,1,,,,,,
P,Fiorentina,LEZZERINILuca,1,,,0.19,2.07,,
D,Venezia,LIGUECalixte PaulNuovo,1,,,,,,
C,Cagliari,LITETAJoseph2025/2026,1,,,,,"5,75",4
P,Frosinone,LOLICEldinNuovo,1,,,,,,
P,Serie Minori,LYSIONOKErnestas2025/2026,1,,,,,,
D,Serie Minori,MACCHIONITommaso2025/2026,1,,,,,,
C,Serie Minori,MARIANIEdoardoNuovo,1,,,,,,
P,Torino,MASCARDIDiego,1,0.89,0.99,0.34,3.13,,
D,Estero,MATTURROAlanNuovo,1,,,,,,
D,Estero,ODOGUDavid2025/2026,1,,1.39,,,,
D,Serie Minori,OYONOJeremyNuovo,1,,,,,,
P,Udinese,PADELLIDaniele,1,,1.16,0.19,0.64,"6,25",2
D,Sassuolo,PAZYeferson2025/2026,1,,,,,,
P,Lecce,PENEVPlamen,1,,,0.19,,,
D,Estero,PEREZMatías2025/2026,1,,,,,"5,00",1
P,Bologna,PESSINAMassimo,1,,1.14,0.19,2.17,"6,12",4
P,Udinese,PIANAEdoardo,1,,,0.30,,,
P,Juventus,PINSOGLIOCarlo,1,3.09,2.90,0.49,0.85,,
P,Frosinone,PISSERIMatteoNuovo,1,,,,,,
P,Serie Minori,PIZZIGNACCOSemuelNuovo,1,,,,,,
P,Atalanta,POMPEIThomasNuovo,1,,,,,,
P,Venezia,POZZIAlessio,1,,,0.31,,,
C,Lazio,PRZYBOREKAdrian2025/2026,1,,,,3.71,,
P,Cagliari,RADUNOVICBoris,1,,,0.18,,,
D,Estero,RATERINKOthniël2025/2026,1,,,,,,
P,Estero,RAVAGLIAFederico2025/2026,1,3.11,2.96,2.35,2.58,"6,20",17
P,Lazio,RENZETTIDavide,1,,,0.41,,,
P,Atalanta,ROSSIFrancesco,1,,1.20,0.52,0.86,,
P,Sassuolo,RUSSOAlessandro,1,,,0.04,,,
P,Estero,SAMOOJAJasper2025/2026,1,,,,,,
P,Sassuolo,SATALINOGiacomo,1,,,0.18,,,
P,Cagliari,SHERRIAlen,1,,,0.19,,,
D,Estero,SIDIBEFranck AhmedNuovo,1,,,,,,
P,Torino,SIVIEROLapo,1,,,0.19,,,
P,Genoa,SOMMARIVADaniele,1,,,0.19,,"5,75",2
P,Atalanta,SPORTIELLOMarco,1,1.70,1.91,0.68,1.08,"5,50",1
P,Genoa,STOLZFranz,1,,,0.19,,,
P,Monza,STRAJNARAljažNuovo,1,,,,,,
P,Monza,TORNQVISTNoel,1,,1.12,1.29,1.42,,
P,Milan,TORRIANILorenzo,1,2.15,2.18,0.63,1.01,,
A,Cagliari,TREPYYael2025/2026,1,,1.08,,0.53,"6,12",4
P,Sassuolo,TURATIStefano,1,,,0.18,,"6,16",6
P,Roma,VASQUEZDevis2025/2026,1,1.23,1.51,1.27,1.37,,
P,Como,VIGORITOMauro,1,,1.24,0.54,0.89,,
A,Udinese,VINCIATIGiulio2025/2026,1,,,,,,
P,Serie Minori,VISMARAPaolo,1,,,0.25,,,
C,Genoa,WIAFESamuelNuovo,1,,,,,,
P,Serie Minori,ZACCHIGioele2025/2026,1,,,,,,
P,Serie Minori,ZELEZNYRadoslaw2025/2026,1,,1.07,0.97,1.20,,
D,Monza,ZIOLKOWSKIJan,1,,,,1.51,"5,94",9
C,Como,ANDREALLIFrancesco2025/2026,0,,,,,,
P,Serie Minori,ASTALDIGianluca2025/2026,0,,,,,,
C,Sassuolo,BAFFOH NANAJeffreyNuovo,0,,,,,,
C,Bologna,BARBAROEliaNuovo,0,,,,,,
D,Genoa,BARBINIMatteoNuovo,0,,,,,,
C,Fiorentina,BONANNOPiergiorgio2025/2026,0,,,,,,
D,Bologna,BOZHIDAROV PAPAZOVDimitarNuovo,0,,,,,,
C,Sassuolo,BRUNOKevinNuovo,0,,,,,,
C,Como,CASSANORiccardoNuovo,0,,,,,,
C,Parma,CIARDIAlessandro2025/2026,0,,,,,,
D,Parma,D'INTINORoberto2025/2026,0,,,,,,
C,Venezia,DABOLamineNuovo,0,,,,,,
C,Roma,DELLA ROCCAMattia2025/2026,0,,,,,,
D,Torino,DESOLEFabio2025/2026,0,,,,,,
D,Sassuolo,DI BITONTOAlessandroNuovo,0,,,,,,
C,Lazio,DI TOMMASOLeonardoNuovo,0,,,,,,
D,Genoa,DOUCOURéMamedi2025/2026,0,,,,,,
D,Lecce,ESPOSITOSebastian2025/2026,0,,,,,,
C,Venezia,FARJIMarkoNuovo,0,,,,,,
A,Bologna,FERRARIFlavioNuovo,0,,,,,,
D,Serie Minori,FONTANAROSAAlessandroNuovo,0,,,,,,
A,Torino,GABELLINITommaso2025/2026,0,,,,,,
C,Lecce,GONZALEZJoanNuovo,0,,,,,,
C,Cagliari,GRANDUNicola2025/2026,0,,,,,,
P,Cagliari,ILIEVVelizar-Iliya2025/2026,0,,,,,,
A,Estero,JOUJOUAntoine2025/2026,0,,,,,,
A,Parma,KOWALSKIMateusz2025/2026,0,,,,,,
C,Serie Minori,LEONEKevinNuovo,0,,,,,,
P,Frosinone,MINICANGELIFrancescoNuovo,0,,,,,,
A,Sassuolo,MINTAAmoakoNuovo,0,,,,,,
C,Lazio,MUNOZCristo2025/2026,0,,,,,,
P,Sassuolo,NYARKOLorenzo2025/2026,0,,,,,,
A,Udinese,PEJICICDavid2025/2026,0,,,,,,
A,Genoa,PESSOLANIGabrieleNuovo,0,,,,,,
A,Como,PISATISamuele2025/2026,0,,,,,,
C,Serie Minori,PLICCOElia2025/2026,0,,,,,,
C,Genoa,ROMANOMarcoNuovo,0,,,,,,
C,Genoa,SCAGLIONERobertoNuovo,0,,,,,,
D,Serie Minori,SECKMohamed2025/2026,0,,,,,,
C,Genoa,SPICUGLIAEliaNuovo,0,,,,,,
P,Napoli,SPINELLIDavid2025/2026,0,,,,,,
A,Fiorentina,TARANTINOJacopoNuovo,0,,,,,,
D,Serie Minori,TRABUCCHINicolas2025/2026,0,,,,,,
D,Lecce,UBANIMarlonNuovo,0,,,,,,
D,Genoa,VAZMarceloNuovo,0,,,,,,
D,Venezia,VENTURIMichaelNuovo,0,,,,,,
D,Sassuolo,VEZZOSIGiorgioNuovo,0,,,,,,
C,Lecce,YILMAZEnesNuovo,0,,,,,,
