player_id,canonical_full_name,team_name,ruolo,kap,price_8sq_350,price_10sq_350,price_8sq_500,price_10sq_500,mv,presenze,auction_valid_from,eta,rat,pot,is_pct,ruolo_standard,ruolo_trequartista,ruolo_fantacalcio_it,snapshot_valid_from
2758540b-ef7b-5c42-a952-28c1632392eb,Mile Svilar,Roma,GK,23,28.39,43.2,38.08,48.23,6.26,38,2026-2027,27,74.0,78.0,85.0,P,P,P,2026-2027
cef9348a-c929-565c-a8b3-6536db51b5db,Marco Carnesecchi,Atalanta,GK,21,23.59,33.39,34.44,37.0,6.36,37,2026-2027,26,72.0,75.0,80.0,P,P,P,2026-2027
349468de-6081-5163-93d5-1c672fbe4123,Josep Martinez,Inter,GK,20,24.67,32.68,36.65,40.5,6.0,5,2026-2027,28,67.0,70.0,75.0,P,P,P,2026-2027
3df6a2a0-5aa9-5b04-9f3b-fc13a00c2b92,Guglielmo Vicario,Juventus,GK,20,25.09,33.84,31.08,39.2,,,2026-2027,30,68.0,72.0,85.0,P,P,P,2026-2027
fa064876-b843-5100-b9e0-d9e0722cfd37,Jean Butez,Como,GK,19,20.16,25.62,26.15,27.28,6.06,38,2026-2027,31,65.0,65.0,75.0,P,P,P,2026-2027
34663dfb-da77-5721-b376-c97b75a5130f,Mike Maignan,Milan,GK,20,24.48,33.02,29.9,36.36,6.25,37,2026-2027,31,75.0,78.0,90.0,P,P,P,2026-2027
a06f94aa-7e28-5d67-b377-71f96d5826dc,David De Gea,Fiorentina,GK,13,15.3,16.17,13.81,21.83,6.24,37,2026-2027,36,71.0,74.0,80.0,P,P,P,2026-2027
de58134d-3354-540c-9626-e7d1b1528545,Alex Meret,Napoli,GK,15,18.14,28.37,26.55,34.73,6.22,11,2026-2027,29,65.0,70.0,70.0,P,P,P,2026-2027
e9cc7077-f72f-5bfb-9b14-33ade9ce40b0,Lukasz Skorupski,Bologna,GK,14,15.7,19.49,13.79,25.8,6.19,18,2026-2027,35,63.0,66.0,80.0,P,P,P,2026-2027
25377d8c-3bea-559e-b40f-3b8bcc5717f6,Elia Caprile,Cagliari,GK,13,14.39,17.94,12.95,17.08,6.28,38,2026-2027,25,63.0,63.0,85.0,P,P,P,2026-2027
59f7d8c6-34fd-566f-82f3-2a0c9683ff09,Christos Mandas,Lazio,GK,12,13.27,14.04,12.79,15.49,,,2026-2027,25,61.0,67.0,75.0,P,P,P,2026-2027
089dd179-1097-5511-a25a-dbf22b411635,Michele Di Gregorio,Juventus,GK,12,25.03,32.24,27.44,51.72,6.08,30,2026-2027,,,,,,,,
ffe27926-7b3b-5d1e-9541-fdd84124d43a,Maduka Okoye,Udinese,GK,12,13.14,14.1,12.55,15.78,6.06,30,2026-2027,27,62.0,65.0,80.0,P,P,P,2026-2027
00d4da42-50f9-5ab6-809b-445718eeecb8,Lucas Estella Perri,Torino,GK,10,10.91,13.41,9.95,16.6,,,2026-2027,29,60.0,62.0,75.0,P,P,P,2026-2027
c29fe639-29f2-5d03-b549-ae5900487d32,Justin Bijlow,Genoa,GK,10,11.43,14.07,10.2,14.41,6.06,16,2026-2027,28,63.0,64.0,80.0,P,P,P,2026-2027
4c445b48-5aaa-5955-aba8-337d7902dafc,Wladimiro Falcone,Lecce,GK,12,13.53,16.74,12.18,15.52,6.4,38,2026-2027,31,62.0,66.0,85.0,P,P,P,2026-2027
5ab298bb-cb5d-50bc-846a-b3c547953098,Robert Lync Sanchez,Como,GK,7,1.44,3.54,1.21,7.61,,,2026-2027,29,57.0,70.0,50.0,P,P,P,2026-2027
125f3e05-bf1b-5cba-8f51-80733c1e9d34,Zion Suzuki,Parma,GK,11,2.05,2.26,6.7,5.53,6.02,20,2026-2027,,,,,,,,
557967e9-6a1f-5b41-be7a-8940a9dbdc0b,Arijanet Muric,Sassuolo,GK,9,2.61,4.57,3.23,7.66,6.07,32,2026-2027,28,60.0,65.0,75.0,P,P,P,2026-2027
75d8b80c-91b5-5e9f-8ed3-4a99a3480e71,Mattia Perin,Juventus,GK,4,1.12,,,4.12,6.11,9,2026-2027,,,,,,,,
cdb063b3-3fba-5c23-a582-d85f32d95075,Giovanni Daffara,Parma,GK,4,1.16,1.2,0.46,2.06,,,2026-2027,22,57.0,65.0,60.0,P,P,P,2026-2027
ebf85e98-c991-54bc-8cce-fad841032a78,Filip Stankovic,Venezia,GK,9,1.79,2.11,1.04,5.87,,,2026-2027,24,60.0,63.0,80.0,P,P,P,2026-2027
1794c897-a3a1-5737-bf34-88e3d630de93,Lorenzo Palmisani,Frosinone,GK,7,3.23,3.43,2.93,3.96,,,2026-2027,22,59.0,60.0,75.0,P,P,P,2026-2027
3ab29e9c-04ea-5a15-a0e5-ab477fd0fc42,Milinkovic-Savic V.,Napoli,,,,,,,,,,,,,,,,,
66a1e2e6-1d49-5618-8911-92ed40d52b44,Demba Thiam,Monza,GK,5,1.19,,,3.56,,,2026-2027,28,59.0,60.0,70.0,P,P,P,2026-2027
62cf0514-454c-5058-ad28-603f54962e3a,Sebastiano Desplanches,Frosinone,GK,3,,,,,,,2026-2027,23,53.0,60.0,55.0,P,P,P,2026-2027
abaf4465-be29-506e-9534-5b3a83fdbd08,Ivan Provedel,Inter,GK,3,3.89,4.28,2.02,4.71,6.25,27,2026-2027,32,59.0,67.0,45.0,P,P,P,2026-2027
86f1d747-000a-5d23-915d-a21399060f0d,Edoardo Corvi,Parma,GK,2,1.06,3.38,1.08,6.14,6.17,17,2026-2027,25,58.0,62.0,65.0,P,P,P,2026-2027
52b77c66-cb8f-576b-b925-b20f904a3850,Francesco Rossi,Atalanta,GK,1,,1.2,0.52,0.86,,,2026-2027,35,13.0,30.0,10.0,P,P,P,2026-2027
b8e95ab0-4c2a-58e9-a19e-ccc2e07307ba,Marco Sportiello,Atalanta,GK,1,1.7,1.91,0.68,1.08,5.5,1,2026-2027,34,30.0,56.0,20.0,P,P,P,2026-2027
e5970de1-d896-52bf-b2a9-debcb06a7806,Ukko Happonen,Bologna,GK,1,,,0.19,1.06,,,2026-2027,19,26.0,40.0,15.0,P,P,P,2026-2027
e294a356-2afe-5170-b1f2-9a62e9347a50,Massimo Pessina,Bologna,GK,1,,1.14,0.19,2.17,6.12,4,2026-2027,19,37.0,63.0,20.0,P,P,P,2026-2027
f48584e6-c462-5e84-bb3c-da4039216269,Giuseppe Ciocci,Cagliari,GK,1,,,,,,,2026-2027,,,,,,,,
12205eed-7d8d-561b-a25e-79dc8b88bfee,Alen Sherri,Cagliari,GK,1,,,0.19,,,,2026-2027,29,24.0,46.0,25.0,P,P,P,2026-2027
37b11dee-c603-5945-9e9a-641180f55a4d,Noel Tornqvist,Monza,GK,1,,1.12,1.29,1.42,,,2026-2027,24,45.0,65.0,50.0,P,P,P,2026-2027
13aec648-b4b3-5d86-9a52-3a86de19725d,Mauro Vigorito,Como,GK,1,,1.24,0.54,0.89,,,2026-2027,36,31.0,43.0,15.0,P,P,P,2026-2027
c38d2d07-d9dc-58d4-85a5-5451e9de1a14,Oliver Christensen,Fiorentina,GK,1,0.76,1.22,0.42,0.81,7.5,1,2026-2027,27,43.0,59.0,30.0,P,P,P,2026-2027
6066e141-f039-55e3-8448-3a3355b2edf5,Luca Lezzerini,Fiorentina,GK,1,,,0.19,2.07,,,2026-2027,31,30.0,53.0,10.0,P,P,P,2026-2027
d093cf47-74e9-5777-85ea-5a1e44222249,Eldin Lolic,Frosinone,GK,1,,,,,,,2026-2027,22,30.0,44.0,10.0,P,P,P,2026-2027
ecbfa523-c483-5b65-9243-5ac174c0ddbd,Daniele Sommariva,Genoa,GK,1,,,0.19,,5.75,2,2026-2027,29,16.0,30.0,10.0,P,P,P,2026-2027
79b7bd3c-63d2-5843-9460-c9b57add0c0a,Franz Stolz,Genoa,GK,1,,,0.19,,,,2026-2027,25,34.0,52.0,10.0,P,P,P,2026-2027
dbbf37b6-6f67-549b-a0ed-58722024f3b0,Raffaele Di Gennaro,Inter,GK,1,2.27,2.28,0.55,0.89,6.0,1,2026-2027,33,17.0,41.0,10.0,P,P,P,2026-2027
c0f26b52-a129-56b7-a759-ad0b9847e64b,Carlo Pinsoglio,Juventus,GK,1,3.09,2.9,0.49,0.85,,,2026-2027,36,10.0,35.0,10.0,P,P,P,2026-2027
d493bb3c-b840-5068-8dfd-b4e1e5b93d4e,Edoardo Motta,Lazio,GK,5,2.57,2.54,1.27,2.69,6.0,9,2026-2027,21,51.0,67.0,55.0,P,P,P,2026-2027
ae5187e4-6dc4-5436-9720-4b694a4eccee,Davide Renzetti,Lazio,GK,1,,,0.41,,,,2026-2027,20,30.0,45.0,10.0,P,P,P,2026-2027
e4beb5cd-19f7-519d-86ed-a6b0a3c6f52b,Christian Fruchtl,Lecce,GK,1,,,,,,,2026-2027,,,,,,,,
b9d9f420-408f-5c6d-b89e-4ea1eb8fa0fe,Jasper Samooja,Lecce,GK,1,,,,,,,2026-2027,,,,,,,,
e920b0b7-432a-5142-8a70-348e95e7c1e4,Terracciano,Milan,,,,,,,,,,,,,,,,,
f92ecd59-842f-5742-93bc-68d3d9ae2eee,Lorenzo Torriani,Milan,GK,1,2.15,2.18,0.63,1.01,,,2026-2027,21,12.0,30.0,10.0,P,P,P,2026-2027
4303d43e-c23b-58b5-9a8b-5913eb4d4889,Semuel Pizzignacco,Monza,GK,1,,,,,,,2026-2027,,,,,,,,
45ccc1ee-e01f-5ce5-ae5d-4228dc49d301,Aljaž Strajnar,Monza,GK,1,,,,,,,2026-2027,19,25.0,49.0,10.0,P,P,P,2026-2027
f774f020-ee14-592b-a9ac-66c60c1ce571,Nikita Contini,Napoli,GK,1,,1.13,0.47,0.84,,,2026-2027,30,16.0,49.0,10.0,P,P,P,2026-2027
790ef4af-ec58-5868-840f-fd0523f41e4c,De Marzi,Roma,GK,1,3.88,3.47,0.35,0.74,,,2026-2027,19,35.0,45.0,10.0,P,P,P,2026-2027
6af4d924-3b4d-5ef3-8af8-50c2f04cedd4,Pierluigi Gollini,Roma,GK,1,0.99,1.04,0.58,0.91,,,2026-2027,31,42.0,61.0,25.0,P,P,P,2026-2027
c3676304-d340-514f-bdfe-e14e1e3e36a1,Alessandro Russo,Sassuolo,GK,1,,,0.04,,,,2026-2027,25,25.0,45.0,10.0,P,P,P,2026-2027
4073011b-d5ed-5db7-9647-08437c4793ae,Stefano Turati,Sassuolo,GK,1,,,0.18,,6.16,6,2026-2027,25,46.0,58.0,30.0,P,P,P,2026-2027
b294df48-290d-5210-bfe1-88a0ac5944f8,Diego Mascardi,Torino,GK,1,0.89,0.99,0.34,3.13,,,2026-2027,20,47.0,60.0,20.0,P,P,P,2026-2027
bcc792a8-01d3-50b5-a2a2-ff336f5a9342,Alberto Paleari,Torino,GK,5,1.05,,1.93,3.53,6.08,29,2026-2027,34,50.0,60.0,40.0,P,P,P,2026-2027
52b94b9a-e67b-58d4-bd44-ecbb3dd5e4d4,Lapo Siviero,Torino,GK,1,,,0.19,,,,2026-2027,20,32.0,48.0,10.0,P,P,P,2026-2027
49148dbf-923c-5a09-b8a1-f9bf7693cf98,Daniele Padelli,Udinese,GK,1,,1.16,0.19,0.64,6.25,2,2026-2027,41,16.0,38.0,10.0,P,P,P,2026-2027
8b59a503-9d67-57e1-aa55-050ce76ccfb4,Edoardo Piana,Udinese,GK,1,,,0.3,,,,2026-2027,23,15.0,40.0,10.0,P,P,P,2026-2027
de882b9b-7905-5229-bf3d-d73d6319195d,Matteo Grandi,Venezia,GK,1,,,0.31,,,,2026-2027,34,15.0,30.0,10.0,P,P,P,2026-2027
c10a188b-4ff6-52a9-a5e2-3453b5d15cf5,Alessio Pozzi,Venezia,GK,1,,,0.31,,,,2026-2027,26,35.0,49.0,15.0,P,P,P,2026-2027
14070cb0-1449-5a16-846f-5763c06246ea,Paolo Vismara,Atalanta,GK,1,,,0.25,,,,2026-2027,,,,,,,,
6ac50603-e3ea-5970-b7ca-0b07ec8f5369,Giacomo Satalino,Sassuolo,GK,1,,,0.18,,,,2026-2027,27,20.0,40.0,10.0,P,P,P,2026-2027
998a2a33-7724-568e-806f-cbe983040198,Plamen Penev,Lecce,GK,1,,,0.19,,,,2026-2027,18,20.0,42.0,10.0,P,P,P,2026-2027
42342a5c-2df2-5a2c-9416-1522c223832f,Matteo Pisseri,Frosinone,GK,1,,,,,,,2026-2027,35,36.0,50.0,30.0,P,P,P,2026-2027
73b94810-56e7-5c7d-9d6f-cef9329fe18a,Boris Radunovic,Cagliari,GK,1,,,0.18,,,,2026-2027,30,43.0,59.0,35.0,P,P,P,2026-2027
2dcd3197-2855-5dbf-8dc8-98bcf0b52e1d,Lorenzo Montipò,Venezia,GK,2,,,0.31,,6.2,35,2026-2027,30,49.0,60.0,40.0,P,P,P,2026-2027
bb956845-662e-59f6-81d7-daef8a47a291,Marco Bleve,Lecce,GK,1,,,0.19,,,,2026-2027,31,10.0,41.0,10.0,P,P,P,2026-2027
f1767556-06c7-5180-996e-84511719ff14,Kamil Grabara,Juventus,GK,1,0.92,1.02,0.55,1.35,,,2026-2027,27,45.0,60.0,35.0,P,P,P,2026-2027
44257434-bf35-57dc-ad00-e6f1a9fc5ed0,Bartosz Mrozek,Udinese,GK,2,,1.15,0.05,,,,2026-2027,26,40.0,60.0,15.0,P,P,P,2026-2027
287bdb96-800a-5743-948a-317232d4336b,Simone Ghidotti,Parma,GK,1,,,0.04,,,,2026-2027,26,30.0,45.0,10.0,P,P,P,2026-2027
6a3eccea-9bf8-5203-b9f4-f1d6432525d0,Thomas Pompei,Atalanta,GK,1,,,,,,,2026-2027,20,27.0,50.0,10.0,P,P,P,2026-2027
63eefcc1-5bce-5668-8c67-9d5e0415a92f,Federico Dimarco,Inter,MID,30,33.96,49.97,60.28,61.04,6.6,35,2026-2027,29,76.0,76.0,80.0,C,C,D,2026-2027
5450d751-aad1-5ed9-a745-53e57db1d406,França Lima Wesley,Roma,MID,22,22.2,33.58,35.58,35.3,6.11,30,2026-2027,23,64.0,73.0,75.0,C,C,D,2026-2027
da321cb8-128f-59af-a346-7bf7a49f06f4,Nahuel Molina,Roma,MID,21,21.01,28.77,25.66,31.72,,,2026-2027,28,67.0,74.0,75.0,C,C,D,2026-2027
fbfdc422-2eac-521d-b5af-4ed3e67cfa4f,Gleison Bremer,Juventus,DEF,24,24.59,31.42,29.74,36.44,6.32,26,2026-2027,29,75.0,79.0,80.0,D,D,D,2026-2027
c041c50e-257e-51c2-94a9-d80e3b328d51,Gianluca Mancini,Roma,DEF,21,20.63,22.5,25.87,25.65,6.25,36,2026-2027,30,67.0,72.0,80.0,D,D,D,2026-2027
562255e5-f3ef-5d98-bb67-5ab3b6ebf206,Manuel Akanji,Inter,DEF,21,17.94,23.4,20.68,25.34,6.28,32,2026-2027,31,68.0,70.0,75.0,D,D,D,2026-2027
32ec7a2d-e015-58e3-9197-fe326ee86e1d,Amir Rrahmani,Napoli,DEF,20,20.54,20.84,19.67,24.29,6.23,21,2026-2027,32,70.0,74.0,80.0,D,D,D,2026-2027
83ffec59-362d-5d04-bd58-083057b04b5b,Alessandro Bastoni,Inter,DEF,21,21.56,21.68,21.9,28.84,6.19,28,2026-2027,27,76.0,80.0,85.0,D,D,D,2026-2027
b4a1875b-f92d-5f64-a2c4-b05489098397,Pierre Kalulu,Juventus,DEF,19,21.33,24.99,20.89,25.2,6.13,37,2026-2027,26,66.0,73.0,80.0,D,D,D,2026-2027
8a3932c4-b573-5b0f-871b-dc6a405773eb,Strahinja Pavlovic,Milan,DEF,20,20.6,20.8,22.36,21.49,6.23,34,2026-2027,25,65.0,74.0,70.0,D,D,D,2026-2027
60d40d18-7cdc-5b46-a78d-60d5df945340,Mario Gila,Milan,DEF,16,16.93,21.11,19.7,23.64,6.03,31,2026-2027,26,69.0,73.0,75.0,D,D,D,2026-2027
61b8eb0e-c1ed-5dea-9049-ccaf4ff28349,Evan Ndicka,Roma,DEF,18,17.66,21.67,18.17,23.19,6.08,31,2026-2027,27,64.0,70.0,75.0,D,D,D,2026-2027
bcabb331-b9d3-515b-9f94-59db2b937121,Oumar Solet,Udinese,DEF,18,16.41,20.82,22.83,21.28,6.17,34,2026-2027,26,67.0,70.0,80.0,D,D,D,2026-2027
aa026973-3c06-53c4-a075-95e5894d45f9,Yann Aurel Bisseck,Inter,DEF,20,22.03,25.93,21.28,27.06,6.21,23,2026-2027,26,64.0,73.0,65.0,D,D,D,2026-2027
0266cacb-45ae-5ddc-8c08-5f482a428c59,John Stones,Inter,DEF,17,17.22,18.43,15.76,19.82,,,2026-2027,32,71.0,75.0,75.0,D,D,D,2026-2027
b43a0981-04ef-5e07-bc19-dfc1472d6970,Giovanni Di Lorenzo,Napoli,DEF,19,18.98,20.26,20.77,23.99,6.07,26,2026-2027,33,71.0,74.0,85.0,D,D,D,2026-2027
514c10bd-48d4-5a1f-aac9-43fbe2688b2d,Leo Ostigard,Genoa,DEF,15,16.76,17.68,17.37,21.41,6.13,30,2026-2027,27,60.0,63.0,75.0,D,D,D,2026-2027
3cb6031d-79f1-5d3f-97a4-272684230b7c,Mario Hermoso,Roma,DEF,14,17.28,20.86,14.98,18.04,6.16,27,2026-2027,31,67.0,73.0,75.0,D,D,D,2026-2027
a7f943bc-6b35-5270-9baf-b47e3c274527,Djed Spence,Inter,MID,17,17.64,22.13,19.02,24.47,,,2026-2027,26,66.0,75.0,70.0,C,C,D,2026-2027
597d3742-f800-5df2-abd3-d99928feba21,Giorgio Scalvini,Atalanta,DEF,16,16.9,17.46,15.62,19.54,6.06,24,2026-2027,23,72.0,78.0,80.0,D,D,D,2026-2027
865c4f60-78c0-5161-a753-ab6143b41c1b,Jacobo Ramon,Como,DEF,15,15.59,18.52,18.96,22.18,6.15,32,2026-2027,21,65.0,74.0,80.0,D,D,D,2026-2027
e4479da0-be41-56e6-acd4-bc6e4148105d,Trevoh Chalobah,Como,DEF,14,17.03,21.11,18.16,21.26,,,2026-2027,27,68.0,74.0,80.0,D,D,D,2026-2027
9cf6a8c9-4378-566c-a592-e087d4a01ef8,Dodò,Fiorentina,MID,12,13.38,13.55,12.07,15.36,5.98,36,2026-2027,28,65.0,73.0,55.0,C,C,D,2026-2027
0c1af21d-51be-5dbd-9b50-2d1f2dc94704,Johan Vasquez,Genoa,DEF,13,14.39,14.43,13.2,14.92,6.08,36,2026-2027,28,62.0,64.0,75.0,D,D,D,2026-2027
d9a23204-64b2-5e4a-9f9e-98d1058d89f3,Mergim Vojvoda,Udinese,DEF,10,11.14,14.0,11.28,13.99,6.01,27,2026-2027,31,60.0,61.0,70.0,D,D,D,2026-2027
d9d4c54e-7719-5376-9771-9638eb1e50c3,Hassane Kamara,Udinese,MID,13,14.04,15.72,14.08,17.25,5.88,26,2026-2027,32,61.0,62.0,75.0,C,C,D,2026-2027
239b888d-06de-5fbb-9c22-6d5ed7ef11a0,Davide Zappacosta,Atalanta,MID,13,15.08,18.77,13.43,16.84,6.05,35,2026-2027,34,70.0,70.0,80.0,C,C,D,2026-2027
b27699bc-8147-51e6-9c9f-4fc8108b3998,Juan Miranda,Bologna,DEF,12,13.38,13.48,12.22,13.61,6.0,31,2026-2027,26,67.0,71.0,80.0,D,D,D,2026-2027
d8047f28-3468-5793-aeb6-5f8b034b1f09,Brooke Norton-Cuffy,Genoa,MID,10,11.49,17.56,10.52,13.36,5.92,27,2026-2027,,,,,,,,
6a6638b8-9233-5620-868e-55f88a04fb40,Zeki Celik,Juventus,DEF,10,10.86,11.87,11.44,13.63,6.17,32,2026-2027,29,60.0,68.0,60.0,D,D,D,2026-2027
52bbeff1-d3ee-5bae-9312-302088c24745,Andrea Cambiaso,Juventus,MID,15,16.62,20.15,15.69,19.21,5.8,36,2026-2027,26,68.0,75.0,75.0,C,C,D,2026-2027
44ee9d3b-0e0a-5c83-abbf-cb41dd00e8a6,Danilho Doekhi,Lazio,DEF,12,13.29,13.56,12.44,15.22,,,2026-2027,28,65.0,66.0,75.0,D,D,D,2026-2027
b29469ce-f135-5f6b-8572-da9f773f9cbf,Coelho Oliveira Tiago Gabriel,Lecce,DEF,13,14.23,14.78,14.21,16.77,6.0,36,2026-2027,22,63.0,70.0,85.0,D,D,D,2026-2027
a747e084-9a88-58ea-b2bb-f1497dd0b366,Davide Bartesaghi,Milan,DEF,12,13.39,14.95,13.41,15.77,5.96,31,2026-2027,21,63.0,72.0,70.0,D,D,D,2026-2027
76fab13d-da68-5c54-8cf8-4d13159020df,Miguel Gutierrez,Napoli,MID,9,17.13,20.04,16.73,19.75,5.97,21,2026-2027,,,,,,,,
54321b0b-1551-55bb-98b1-6732c38725c8,Leonardo Spinazzola,Napoli,MID,12,12.91,13.19,12.6,14.0,6.16,30,2026-2027,33,63.0,67.0,70.0,C,C,D,2026-2027
ca563a24-d1e4-54fc-aa92-bf9eae909625,Enrico Del Prato,Parma,DEF,10,11.29,11.42,10.8,13.15,5.91,35,2026-2027,27,63.0,64.0,75.0,D,D,D,2026-2027
095852ac-a0bc-5789-8079-b5e6880129c4,Emanuele Valeri,Parma,DEF,12,12.89,13.52,12.81,15.59,6.05,34,2026-2027,28,63.0,65.0,75.0,D,D,D,2026-2027
53a37a87-123c-5e84-9201-f91c0816973d,Konstantinos Koulierakis,Roma,DEF,10,11.2,11.33,10.3,12.97,,,2026-2027,23,62.0,67.0,65.0,D,D,D,2026-2027
0973436d-c8f1-5209-ac84-4079d2e6d6a6,Pietro Comuzzo,Torino,DEF,12,13.12,13.65,12.75,15.25,5.75,24,2026-2027,21,63.0,71.0,80.0,D,D,D,2026-2027
edfe3516-ccc6-552d-9b79-428ca4273943,Yan Bueno Couto,Como,DEF,10,12.12,15.01,11.37,15.54,,,2026-2027,24,61.0,73.0,70.0,D,D,D,2026-2027
6e35125a-2d8a-5401-b2db-336c1bb2d2ff,Arthur Theate,Bologna,DEF,10,11.29,13.96,9.67,12.99,,,2026-2027,26,64.0,67.0,70.0,D,D,D,2026-2027
2695549e-f20b-561a-b3ec-87316c772bac,Santos Silva Diego Carlos,Parma,DEF,12,14.6,17.82,11.94,15.65,6.14,25,2026-2027,33,65.0,69.0,80.0,D,D,D,2026-2027
22a3dafe-1c8d-587a-9cad-5eb2b124aee3,Berat Djimsiti,Atalanta,DEF,9,17.55,18.58,15.33,19.35,5.86,33,2026-2027,,,,,,,,
39017816-5858-555a-a892-ab96ce175023,Isak Hien,Atalanta,DEF,12,11.17,13.37,11.96,14.88,5.91,28,2026-2027,27,62.0,71.0,60.0,D,D,D,2026-2027
75bf9b4d-55ce-5ebd-9042-73be8b09ea25,Jhon Lucumi,Juventus,DEF,11,12.27,13.31,12.77,15.56,5.87,28,2026-2027,28,64.0,69.0,65.0,D,D,D,2026-2027
02d14f7a-3cbb-51f3-9901-1e4f430ef24e,Nadir Zortea,Bologna,MID,10,10.7,11.5,10.23,12.49,5.85,28,2026-2027,27,65.0,68.0,75.0,C,C,D,2026-2027
7f1699f0-a3c9-5e02-8a8a-500c59d3f09f,Yerry Mina,Cagliari,DEF,11,11.67,12.49,11.16,12.76,6.0,26,2026-2027,32,62.0,67.0,80.0,D,D,D,2026-2027
d3d3b612-6e14-50a7-b6c6-446795887ac8,Adam Obert,Cagliari,DEF,8,1.61,2.44,2.08,4.14,5.88,34,2026-2027,24,60.0,65.0,75.0,D,D,D,2026-2027
e8376a89-fe36-5c02-bed7-5e1b21bb4824,Radu Dragusin,Fiorentina,DEF,10,10.89,12.22,10.62,13.76,,,2026-2027,24,65.0,70.0,80.0,D,D,D,2026-2027
f36f327d-6b63-56d4-8edb-5a196455d5de,Alex Jimenez,Fiorentina,DEF,11,12.24,12.6,12.46,15.28,5.5,1,2026-2027,21,60.0,69.0,70.0,D,D,D,2026-2027
80c489c6-95ad-5ef3-b02f-e5d32bbc1c9b,Gabriele Bracaglia,Frosinone,DEF,11,12.14,13.26,11.87,14.08,,,2026-2027,23,60.0,61.0,75.0,D,D,D,2026-2027
68c0236d-0f8a-54db-8a18-d797d31921f5,Tavares N.,Lazio,,,,,,,,,,,,,,,,,
700d8211-f872-587b-81e6-6be0619cb6a2,Matteo Gabbia,Milan,DEF,12,13.27,13.54,12.18,14.01,5.91,29,2026-2027,27,63.0,68.0,70.0,D,D,D,2026-2027
08b5eaad-8b27-5b27-aa18-558af4d58e18,Ricardo Luís Chaby Mangas,Monza,MID,8,2.7,4.11,3.51,4.55,,,2026-2027,28,59.0,61.0,75.0,C,C,D,2026-2027
9523673d-cc26-5a24-ba61-6a39994ab7d5,Jay Idzes,Sassuolo,DEF,9,1.89,2.93,2.98,3.14,5.94,35,2026-2027,26,63.0,69.0,80.0,D,D,D,2026-2027
43a02047-f212-5393-83a5-ee3e1507b7e5,Saul Coco,Torino,DEF,10,11.03,11.2,10.2,12.63,5.84,35,2026-2027,27,62.0,66.0,70.0,D,D,D,2026-2027
fefb1f19-6570-54c5-a749-ef2f7731e832,Ardian Ismajli,Torino,DEF,10,11.27,14.03,9.77,12.41,5.91,24,2026-2027,30,61.0,63.0,60.0,D,D,D,2026-2027
8c1b3f7a-db6a-5468-8b5c-b5e1bc885da3,Benoit Mukinayi Badiashile,Napoli,DEF,10,10.54,11.6,10.09,12.32,,,2026-2027,25,60.0,68.0,60.0,D,D,D,2026-2027
12ac6641-e22f-5bc5-a7ef-c93cc0c33aaa,Josip Sutalo,Lazio,DEF,9,3.45,3.75,3.11,5.29,,,2026-2027,26,59.0,64.0,70.0,D,D,D,2026-2027
dfd0f5d9-3a07-5cae-a232-e0919224d243,Rafik Belghali,Torino,MID,9,3.14,7.56,,7.36,6.09,26,2026-2027,24,60.0,66.0,70.0,C,C,D,2026-2027
0098b711-6a54-58ad-ab89-5dc97fb8b113,Sead Kolasinac,Atalanta,DEF,7,,2.38,1.66,6.62,6.02,17,2026-2027,33,61.0,67.0,60.0,D,D,D,2026-2027
74db7e50-455d-5bd1-8931-fc0509aa7c05,Honest Ahanor,Atalanta,MID,9,1.54,2.37,4.84,3.5,5.78,21,2026-2027,,,,,,,,
10022774-2aa2-5b63-be35-d21099f89299,Raoul Bellanova,Atalanta,MID,9,2.78,5.97,6.12,10.71,5.81,22,2026-2027,26,64.0,73.0,60.0,C,C,D,2026-2027
be8b870f-7131-5e79-b4ad-f020655ef1b0,Lorenzo Bernasconi,Atalanta,MID,9,3.23,7.06,6.5,7.83,6.09,22,2026-2027,23,63.0,71.0,70.0,C,C,D,2026-2027
1724f225-b437-541b-8c9e-f23a5ba37fde,Torbjørn Heggem,Bologna,DEF,9,1.5,2.73,3.86,4.56,5.84,25,2026-2027,27,63.0,67.0,70.0,D,D,D,2026-2027
ea894551-c5fa-5587-be26-77f4820a100f,Emil Holm,Bologna,DEF,10,11.57,14.23,10.17,12.78,6.09,16,2026-2027,26,62.0,69.0,60.0,D,D,D,2026-2027
637e6485-ab8e-539b-87b1-a7dc9279fac1,Bruno Da Silva Kaiki,Como,DEF,7,3.99,4.52,4.94,5.61,,,2026-2027,23,62.0,71.0,65.0,D,D,D,2026-2027
f42b8265-2a4c-5a7c-a3fc-9d840ee2ab69,Álex Valle,Como,DEF,12,13.14,13.31,12.77,15.16,6.05,26,2026-2027,22,63.0,67.0,65.0,D,D,D,2026-2027
9f6c9ef9-9fbd-5fc6-b643-2b79663a623e,Viery Viery,Fiorentina,DEF,8,1.63,2.02,1.04,3.25,,,2026-2027,21,60.0,67.0,65.0,D,D,D,2026-2027
039de9ea-932d-551f-af55-d8daa9b441f4,Ilario Monterisi,Frosinone,DEF,8,1.89,3.64,2.02,4.09,,,2026-2027,25,60.0,63.0,75.0,D,D,D,2026-2027
72474982-66b6-5ed7-b46c-de88c77fe1a5,Anthony Oyono,Frosinone,DEF,4,,,2.62,3.18,,,2026-2027,25,59.0,61.0,70.0,D,D,D,2026-2027
271cf438-cb38-5119-a216-9f3eb0d5375b,Alessandro Marcandalli,Genoa,DEF,9,1.45,2.39,3.46,3.95,5.87,31,2026-2027,24,61.0,68.0,75.0,D,D,D,2026-2027
852f717a-9703-5e23-9896-f3f8b653b1df,Benjamin Pavard,Inter,DEF,9,2.08,2.76,5.68,5.21,6.5,1,2026-2027,30,60.0,70.0,55.0,D,D,D,2026-2027
f78144a3-1105-5955-b8f6-812c080bbb2e,Carlos Augusto,Inter,MID,10,11.15,11.29,10.31,12.44,6.12,28,2026-2027,27,62.0,70.0,60.0,C,C,D,2026-2027
c2138fb6-d12c-5be9-bfca-f1cd530d0dbc,Alessio Romagnoli,Lazio,DEF,10,10.48,14.07,,13.28,6.03,32,2026-2027,,,,,,,,
a17dc007-50d2-55d2-adb1-516f77bb345e,Alfonso Sag Pedraza,Lazio,DEF,10,10.93,13.5,10.37,12.48,,,2026-2027,30,62.0,65.0,80.0,D,D,D,2026-2027
c7db3fc7-aa49-50c3-8117-8f64b8986b95,Adam Marusic,Lazio,DEF,10,11.27,11.65,10.05,12.84,5.86,33,2026-2027,34,62.0,65.0,75.0,D,D,D,2026-2027
993a99b8-c9c9-5315-b5b4-03443d8b1df2,Danilo de Melo Veiga,Lecce,DEF,8,,1.74,2.77,5.59,5.81,36,2026-2027,24,61.0,64.0,75.0,D,D,D,2026-2027
f392d241-7cb7-5501-a50f-3c7e43d816a2,Antonino Gallo,Lecce,DEF,9,1.16,1.22,2.13,4.93,5.94,37,2026-2027,26,62.0,68.0,80.0,D,D,D,2026-2027
cbab4e13-19a1-5dae-8f2b-d8ab1c67a5fc,Fikayo Tomori,Milan,DEF,10,,10.4,,11.87,5.96,32,2026-2027,29,62.0,73.0,60.0,D,D,D,2026-2027
7a10805d-767e-5c10-a6f1-2804b7ee0257,Sam Beukema,Napoli,DEF,9,1.49,1.85,1.71,,5.93,22,2026-2027,28,64.0,70.0,65.0,D,D,D,2026-2027
b7c0be70-2610-50ba-a61c-4b13f4e039d9,Alessandro Buongiorno,Napoli,DEF,12,13.25,13.39,12.1,14.77,5.89,32,2026-2027,27,69.0,75.0,80.0,D,D,D,2026-2027
e413e064-0b0c-56aa-b552-d22257f261ee,Alessandro Circati,Parma,DEF,8,13.85,14.03,12.89,15.49,5.91,31,2026-2027,,,,,,,,
fcd502c5-b908-589b-86c2-c28f976dc28b,Thomas Kristensen,Atalanta,MID,9,2.54,5.47,6.27,7.02,5.98,28,2026-2027,24,63.0,70.0,70.0,C,C,D,2026-2027
ae1eb220-d963-57da-b93a-d410f09995d3,Rafa Obrador,Sassuolo,DEF,9,1.86,2.04,2.96,3.41,6.06,16,2026-2027,22,59.0,65.0,70.0,D,D,D,2026-2027
6fade0df-7794-5c66-ba26-aec7313ac3a1,Niccolo Fortini,Torino,MID,6,,1.7,,,5.95,12,2026-2027,20,60.0,70.0,70.0,C,C,D,2026-2027
bb0fd19e-41b8-50e0-a218-6496907588e9,Fedde Leysen,Sassuolo,DEF,9,4.05,4.46,1.81,5.77,,,2026-2027,23,59.0,67.0,65.0,D,D,D,2026-2027
c2b7dbf4-e9bf-57f2-8be3-3433de000ce2,Leonardo Julián Rossa Balerdi,Roma,DEF,7,,,,,,,2026-2027,27,60.0,67.0,60.0,D,D,D,2026-2027
6a894295-d3f6-55bd-a9c8-6d018f53313a,Duje Caleta-Car,Sassuolo,DEF,6,,,,,,,2026-2027,30,60.0,61.0,60.0,D,D,D,2026-2027
6f899d39-8d78-5c21-95ac-faf326b42828,Yukinari Sugawara,Cagliari,MID,8,1.1,,,4.77,,,2026-2027,26,62.0,65.0,75.0,C,C,D,2026-2027
ca9f16e6-12b1-5bc8-b0d5-20b8d9f781fb,Raphael Kofler,Cagliari,DEF,6,,,,,,,2026-2027,21,54.0,63.0,50.0,D,D,D,2026-2027
1878ae46-2008-53c0-82b4-09c3e22b963c,Zé Pedro,Cagliari,DEF,7,,1.89,,2.79,5.77,22,2026-2027,29,61.0,61.0,70.0,D,D,D,2026-2027
11b62d7b-2c99-5abc-9368-fbcdcebb78b4,Marc Kempf,Como,DEF,12,13.17,13.68,12.42,15.37,6.12,29,2026-2027,31,59.0,61.0,60.0,D,D,D,2026-2027
84054717-e1a5-5d4d-8076-eb74ac945e5b,Víctor Talavera Valdepenas,Fiorentina,DEF,10,11.09,11.93,10.02,12.17,,,2026-2027,20,60.0,69.0,70.0,D,D,D,2026-2027
467bf897-da1c-5c75-9c12-086526f363d4,Gabriele Calvani,Frosinone,DEF,6,2.21,2.19,2.02,2.0,,,2026-2027,22,58.0,63.0,60.0,D,D,D,2026-2027
abbd23ca-3a17-55b8-905f-ff269630c0a7,Lloyd Kelly,Juventus,DEF,8,2.13,4.43,4.58,6.38,6.01,35,2026-2027,28,62.0,70.0,65.0,D,D,D,2026-2027
f626ad55-13bd-523d-bc34-e5e3f72513d8,Kialonda Gaspar,Lecce,DEF,7,1.23,2.52,0.99,4.44,5.83,21,2026-2027,29,62.0,65.0,80.0,D,D,D,2026-2027
eed943e4-d29d-5013-803b-1c45c2115728,Koni De Winter,Milan,DEF,7,4.49,5.38,3.2,4.86,5.75,24,2026-2027,24,61.0,68.0,60.0,D,D,D,2026-2027
ad7d894e-098f-588f-9f10-e115787b13cb,Mathías Olivera,Napoli,MID,8,,1.09,1.56,4.17,5.75,22,2026-2027,29,63.0,69.0,65.0,C,C,D,2026-2027
c1b6dc00-3c6d-5d89-98e6-bee70a0b550b,Daniele Ghilardi,Roma,DEF,8,1.67,2.18,0.99,5.24,5.97,21,2026-2027,23,58.0,66.0,55.0,D,D,D,2026-2027
39e28d5f-97a4-5193-adb3-ce158b215394,Josh Doig,Sassuolo,DEF,8,1.56,1.92,3.46,4.69,5.85,27,2026-2027,24,61.0,67.0,70.0,D,D,D,2026-2027
461e1fe8-75f5-50a0-b28a-56f46c33ce22,Marcus Pedersen,Torino,MID,8,,5.04,,,5.83,28,2026-2027,,,,,,,,
2e5de527-6cf3-569c-b079-d5a63edf3427,Armel Bella-Kotchap,Venezia,DEF,8,3.18,3.38,2.74,3.66,5.83,18,2026-2027,25,62.0,68.0,80.0,D,D,D,2026-2027
b7e1b662-6cda-5724-8d28-611a10410d9b,Thierry Rendall Correia,Venezia,DEF,8,2.14,1.98,,2.67,,,2026-2027,27,60.0,63.0,65.0,D,D,D,2026-2027
62f94d33-8179-584c-9e6a-c860a4c019aa,Ridgeciano Haps,Venezia,MID,6,1.07,1.23,,2.41,,,2026-2027,33,59.0,60.0,65.0,C,C,D,2026-2027
9d27e1c5-9998-5ad5-9ee2-18e344422249,Nathan Patterson,Torino,MID,9,,,,,,,2026-2027,25,60.0,68.0,65.0,C,C,D,2026-2027
6bfccb40-480d-5dd8-b98a-25a093b1ecc5,Ricardo Rodriguez,Torino,MID,6,,,,,,,2026-2027,34,59.0,62.0,60.0,C,C,D,2026-2027
6c310625-1bb2-5373-8a37-0c12328c0dcb,Odilon Kossounou,Atalanta,DEF,7,3.46,3.77,3.0,6.66,5.93,16,2026-2027,25,58.0,67.0,60.0,D,D,D,2026-2027
76aa3ccb-ee94-55c3-90fe-48fe6d2a3330,Martin Vitik,Bologna,DEF,7,11.95,14.31,10.15,14.57,5.94,18,2026-2027,23,62.0,73.0,65.0,D,D,D,2026-2027
f7eaba3e-ac0c-5481-a646-b21959f721bb,Juan Rodriguez,Cagliari,DEF,6,,1.07,2.8,5.88,5.62,16,2026-2027,21,61.0,66.0,75.0,D,D,D,2026-2027
16c621c5-e2ac-5b84-92b5-12ce84be65b5,Gabriele Zappa,Cagliari,MID,7,15.79,16.88,12.9,16.62,5.9,25,2026-2027,,,,,,,,
d4954d4c-b5e4-5d85-ba08-436f7cde1176,Ivan Smolcic,Como,DEF,7,1.87,1.87,,,5.96,25,2026-2027,26,60.0,64.0,60.0,D,D,D,2026-2027
2fb21251-d5b6-5016-a25b-4fb68a093db6,Marin Pongracic,Fiorentina,DEF,7,,,1.74,6.0,5.84,35,2026-2027,29,60.0,65.0,65.0,D,D,D,2026-2027
de3a4d2b-c048-5a26-ae93-4b66462738fd,Fabiano Parisi,Fiorentina,MID,7,13.89,14.44,13.07,14.55,6.02,23,2026-2027,26,58.0,64.0,55.0,C,C,D,2026-2027
87c1b120-cf0d-5927-a307-c80cc314c11d,Giorgio Cittadini,Frosinone,DEF,5,,,,,,,2026-2027,24,56.0,65.0,55.0,D,D,D,2026-2027
3f4c6120-51a2-5adb-b3eb-13f3a2b566ee,Aaron Martin,Genoa,MID,9,16.69,18.59,14.46,18.91,5.96,29,2026-2027,,,,,,,,
05d5b659-8e4c-550b-a1ef-b3c2a09f3202,Mario Mitaj,Genoa,DEF,5,,,,,,,2026-2027,23,59.0,64.0,60.0,D,D,D,2026-2027
6e843b8c-301f-5f3f-9c80-b91531f692cf,Federico Gatti,Juventus,DEF,6,18.66,22.65,15.41,19.78,5.93,16,2026-2027,28,60.0,69.0,65.0,D,D,D,2026-2027
5d3378e4-73ca-59db-bf8d-7643ebdbe67d,Oliver Provstgaard,Lazio,DEF,6,,1.28,1.55,4.21,5.91,23,2026-2027,23,58.0,69.0,65.0,D,D,D,2026-2027
4af21229-a6b5-51c5-a953-f92968a6c3d2,Romano Floriani Mussolini,Lazio,MID,5,2.03,2.6,1.82,2.48,5.71,23,2026-2027,23,57.0,62.0,55.0,C,C,D,2026-2027
d2f569c1-396f-539a-a6bf-568a636586d3,Jamil Siebert,Lecce,DEF,6,,,,6.49,5.68,19,2026-2027,24,59.0,65.0,60.0,D,D,D,2026-2027
565a66d9-e425-5c7c-ac8c-a7562168a4e9,Filippo Delli Carri,Monza,DEF,6,,,,,,,2026-2027,,,,,,,,
a16cfbf0-0ca2-53b4-8c40-62f21b3cec97,Samuele Birindelli,Monza,MID,6,1.73,2.19,3.45,2.2,,,2026-2027,27,58.0,62.0,75.0,C,C,D,2026-2027
0d82022a-2b5d-5996-b04a-951f09b7e4d5,Lautaro Valenti,Parma,DEF,7,,,,5.3,5.96,27,2026-2027,27,60.0,63.0,60.0,D,D,D,2026-2027
f5836538-0853-5e48-a34e-324d0e91496a,Devyne Rensch,Roma,DEF,9,1.07,1.59,1.17,2.47,6.15,19,2026-2027,23,62.0,71.0,60.0,D,D,D,2026-2027
5cbf11dd-2025-5898-a6fa-470470f8ec76,Sebastian Walukiewicz,Sassuolo,DEF,8,,,,1.06,5.8,34,2026-2027,26,59.0,61.0,65.0,D,D,D,2026-2027
4e5566a6-de5a-5c2c-99dc-9fb27177eb1c,Eray Ervin Comert,Torino,DEF,6,,,,,,,2026-2027,28,59.0,62.0,65.0,D,D,D,2026-2027
66e40056-5e06-5bf1-8ea3-34805aafc286,Christian Kabasele,Udinese,DEF,8,1.14,2.26,2.78,5.68,5.98,28,2026-2027,35,61.0,61.0,70.0,D,D,D,2026-2027
e4c79bb1-5812-589f-9964-90b7c32aeb64,Nicolo Bertola,Udinese,DEF,6,1.19,,,,5.86,25,2026-2027,23,60.0,64.0,70.0,D,D,D,2026-2027
fd05c8bc-3520-5ddc-b44d-0162af7c1b30,Alessandro Zanoli,Udinese,MID,5,1.08,,,,6.05,19,2026-2027,26,58.0,65.0,60.0,C,C,D,2026-2027
391ce13f-e34e-575a-997c-e6d5cb56be96,Juan Arizala,Udinese,MID,5,,,,,5.8,5,2026-2027,21,51.0,62.0,45.0,C,C,D,2026-2027
2938f92b-0438-582c-a2ce-ef14eaf611c1,Matías Moreno,Venezia,DEF,6,,,,,,,2026-2027,23,61.0,66.0,75.0,D,D,D,2026-2027
cf97c7d2-f043-5823-915c-726a3a6584e7,Antoine Hainaut,Venezia,DEF,6,2.71,2.56,3.89,3.12,,,2026-2027,24,60.0,61.0,60.0,D,D,D,2026-2027
de3e4d93-4088-5bbd-92e3-219a5d4272b6,Aleksa Terzic,Frosinone,DEF,5,,,,,,,2026-2027,27,57.0,60.0,55.0,D,D,D,2026-2027
ff809962-6178-5655-87f7-27ebea8fb853,Costantino Favasuli,Napoli,MID,8,,,,,,,2026-2027,22,35.0,45.0,30.0,C,C,D,2026-2027
713b07ad-6809-5ae4-a7f0-76b36c2fbdd2,Kingsley Ehizibue,Genoa,MID,6,17.66,20.26,15.27,,5.82,26,2026-2027,31,60.0,63.0,65.0,C,C,D,2026-2027
182634e1-3ba1-5caf-8293-cbbbc83873dc,Nicolò Casale,Bologna,DEF,4,2.17,3.8,,4.77,5.65,10,2026-2027,28,58.0,64.0,50.0,D,D,D,2026-2027
cdd05a74-177f-5603-b5c6-25753d54347b,Eivind Helland,Bologna,DEF,5,,1.58,2.66,2.47,5.5,6,2026-2027,21,57.0,65.0,50.0,D,D,D,2026-2027
65300679-cdd9-534e-a5c6-8c7e627e3952,Riyad Idrissi,Cagliari,MID,4,,11.75,,5.3,5.82,17,2026-2027,21,55.0,63.0,55.0,C,C,D,2026-2027
088c5c23-61b6-549c-9d57-ebb38f6ef964,Luca Ranieri,Fiorentina,DEF,7,1.95,2.03,,,5.85,31,2026-2027,27,59.0,64.0,55.0,D,D,D,2026-2027
706598d1-5871-5fb6-8c01-81201afa8cc3,Neto Lopes Joao Mario,Fiorentina,MID,6,2.1,2.2,1.74,4.03,5.78,14,2026-2027,26,61.0,70.0,60.0,C,C,D,2026-2027
a996f4ab-a5ef-5d37-8b60-884d95b94b4e,Kevin Akpoguma,Frosinone,DEF,3,,,,,,,2026-2027,31,57.0,60.0,70.0,D,D,D,2026-2027
0f8c7ee9-676c-5af1-8fdf-e6a531ae34f1,Zachary Athekame,Milan,DEF,5,15.76,19.67,,6.57,5.94,17,2026-2027,,,,,,,,
d0a10a63-462b-514a-a85e-46768736c968,Pervis Estupinan,Milan,DEF,5,1.15,1.37,,1.89,5.64,14,2026-2027,28,59.0,67.0,60.0,D,D,D,2026-2027
b7f910ae-402f-5e95-8905-dada7e616aca,Lorenzo Lucchesi,Monza,DEF,5,,,,,,,2026-2027,23,57.0,60.0,55.0,D,D,D,2026-2027
e54f2256-bf27-5eaa-8ab6-45482cac06b5,Eddy Kouadio,Monza,DEF,3,,,1.48,2.47,6.0,2,2026-2027,20,58.0,62.0,65.0,D,D,D,2026-2027
f01ac1ce-e842-5c28-949a-fead65c59423,Andrea Carboni,Monza,DEF,6,,,4.54,,,,2026-2027,25,60.0,64.0,75.0,D,D,D,2026-2027
88b26f3d-f437-57d2-b741-e57ad6b5cc6f,Mariano Troilo,Parma,DEF,5,2.0,2.0,2.82,3.77,5.78,21,2026-2027,23,61.0,68.0,75.0,D,D,D,2026-2027
6c0e5494-70ad-55d8-a24f-e9be6ac481eb,Sascha Britschgi,Parma,DEF,6,,1.98,1.02,7.31,5.75,28,2026-2027,20,59.0,68.0,65.0,D,D,D,2026-2027
4691eb59-2b40-5e43-850d-a9ffcc9d5a55,Jose Angelino,Roma,MID,4,13.22,14.66,18.34,22.47,5.83,6,2026-2027,,,,,,,,
a9052c26-618f-51dd-9ac2-73c9b00d5ab9,Fali Cande,Sassuolo,DEF,5,,2.23,,0.53,5.68,8,2026-2027,28,57.0,60.0,60.0,D,D,D,2026-2027
e6a58710-fe0a-56a5-97cd-b0fb5edf53ad,Matteo Palma,Udinese,DEF,4,3.89,3.82,4.82,4.89,5.5,4,2026-2027,18,53.0,67.0,50.0,D,D,D,2026-2027
5e18a465-e52c-569f-b52a-cc7839d773f5,Enzo Ebosse,Udinese,DEF,5,,0.9,,,5.75,16,2026-2027,27,57.0,61.0,55.0,D,D,D,2026-2027
37104695-7c0f-5f50-8514-96c4d7339d91,Redouane Halhal,Venezia,DEF,5,,,,,,,2026-2027,23,56.0,64.0,55.0,D,D,D,2026-2027
a22f02f4-f0b5-5105-9528-5202aa4d3993,Joël Schingtienne,Venezia,DEF,5,,,,,,,2026-2027,24,61.0,65.0,75.0,D,D,D,2026-2027
c344b6bc-d8c4-5493-9b86-28e9ede4d200,Marin Sverko,Venezia,DEF,4,,,,,,,2026-2027,28,56.0,60.0,55.0,D,D,D,2026-2027
faeb7fe5-fff5-59fe-9cd0-624bdbdb3884,Franjic,Venezia,,,,,,,,,,,,,,,,,
e1d27422-e8b7-54e5-818f-df55dff4b58a,Cas Odenthal,Sassuolo,DEF,7,,,,,,,2026-2027,26,54.0,59.0,50.0,D,D,D,2026-2027
a13d3c1f-1abd-58e6-a616-3c2e10fee658,Enzo Mbiayi Tchato,Frosinone,DEF,6,,,,,,,2026-2027,24,59.0,63.0,65.0,D,D,D,2026-2027
8a7d6d1c-6311-52c9-81b9-13e8eecda6ed,Willy Kambwala,Como,DEF,5,,,,,,,2026-2027,22,53.0,61.0,45.0,D,D,D,2026-2027
e04c9ebb-e9a9-510c-b073-c90b292e1e15,Cody Drameh,Genoa,MID,5,,,,,,,2026-2027,25,59.0,64.0,65.0,C,C,D,2026-2027
b2fa3e0a-aabf-52d3-b018-3140d7ad3a21,Abdel Rahim Bonkano Alhassane,Bologna,DEF,4,,,,,,,2026-2027,24,54.0,61.0,50.0,D,D,D,2026-2027
47bac0c5-1d0d-5f8d-9465-0db8893feb87,Ignace Van Der Brempt,Sassuolo,DEF,4,,2.32,,3.4,5.96,14,2026-2027,24,59.0,64.0,65.0,D,D,D,2026-2027
622ecd5c-6f9c-53c3-80b4-bf001f8550fa,Sebastian Otoa,Genoa,DEF,3,,1.26,,0.53,5.6,10,2026-2027,22,54.0,59.0,50.0,D,D,D,2026-2027
be57d27b-a23e-567a-992c-f57d40495a26,David Puczka,Genoa,DEF,4,,,,,,,2026-2027,21,51.0,61.0,45.0,D,D,D,2026-2027
27ab995b-6c4f-5a48-a45a-b54b58b1964d,Stefano Sabelli,Genoa,MID,4,,,,,5.8,13,2026-2027,33,56.0,60.0,55.0,C,C,D,2026-2027
83b980ba-009e-5678-b97d-f89469b4c806,Manuel Lazzari,Lazio,DEF,5,2.32,3.56,5.88,6.36,5.81,16,2026-2027,33,59.0,63.0,55.0,D,D,D,2026-2027
abe566c9-3dca-573a-86d8-3b6ef67f8c66,Luca Pellegrini,Lazio,DEF,5,6.93,5.98,6.64,6.11,5.85,24,2026-2027,27,58.0,65.0,60.0,D,D,D,2026-2027
5eba1186-4ebf-52d7-9be5-de4d5b4e2d74,Gaby Jean,Lecce,DEF,3,,,,,5.8,5,2026-2027,26,54.0,59.0,50.0,D,D,D,2026-2027
f51cde19-3953-5d1e-b1c9-378a7b83d0a1,Corrie Ndaba,Lecce,DEF,2,,,,,5.5,9,2026-2027,27,55.0,60.0,55.0,D,D,D,2026-2027
88c93ecd-f728-54f4-a9c1-908eb14eda20,Sankhoun Diawara,Milan,DEF,3,,,,,,,2026-2027,20,45.0,60.0,10.0,D,D,D,2026-2027
d25b3cce-e4cb-5180-91b1-63c777e26cee,Adam Bakoune,Monza,MID,3,,,,,,,2026-2027,20,53.0,57.0,60.0,C,C,D,2026-2027
77d4ddd3-d63d-526f-8f68-d7af20a7ff67,Rafa Marin,Napoli,DEF,4,2.59,2.94,2.58,,,,2026-2027,24,62.0,68.0,60.0,D,D,D,2026-2027
2b3e63b2-c501-5e46-b6d7-a3ce2740b672,Abdoulaye Ndiaye,Parma,DEF,4,,1.08,,,5.59,11,2026-2027,24,58.0,63.0,55.0,D,D,D,2026-2027
f62a6983-089c-5b06-b204-da4ab5ecb5e4,Cristiano Biraghi,Torino,MID,4,3.93,6.69,6.24,5.0,5.59,11,2026-2027,34,56.0,62.0,55.0,C,C,D,2026-2027
10dc8fe6-6e9f-5097-bc89-938b87ab9ec5,James Abankwah,Udinese,DEF,2,3.32,3.12,1.14,1.44,,,2026-2027,22,54.0,62.0,50.0,D,D,D,2026-2027
7bd717bf-3b14-5b1d-8b41-0952d2f19009,Richie Sagrado,Venezia,MID,4,,,,,,,2026-2027,22,57.0,61.0,55.0,C,C,D,2026-2027
77b9196e-e447-5b7b-ae23-83add093915e,Giuseppe Aurelio,Cagliari,MID,4,,,,,,,2026-2027,26,54.0,59.0,50.0,C,C,D,2026-2027
83ebb084-b6f0-558e-9134-e5e5ac48546c,Saba Goglichidze,Monza,DEF,4,,,,,5.75,6,2026-2027,22,59.0,62.0,70.0,D,D,D,2026-2027
f6dff5e6-a517-54d2-b3b8-024fd78d5a81,Simone Cinquegrano,Sassuolo,DEF,2,,1.14,,2.12,,,2026-2027,22,50.0,60.0,45.0,D,D,D,2026-2027
57a944b4-9924-5fe8-9762-30a4feb984e2,Filippo Terracciano,Milan,MID,6,13.2,14.17,11.47,14.6,5.85,35,2026-2027,23,60.0,65.0,55.0,C,C,D,2026-2027
19697848-e209-5399-8478-9912d684a0a9,Emanuele Lulli,Roma,MID,3,1.5,4.01,2.98,5.65,,,2026-2027,19,50.0,62.0,35.0,C,C,D,2026-2027
7c988390-39dd-59b8-bd33-52947d88a6e1,Dominik Drobnic,Parma,DEF,2,,,,,,,2026-2027,19,47.0,57.0,35.0,D,D,D,2026-2027
089d098e-cda3-5538-ab83-19b9fb5cc1d9,Lorenzo De Silvestri,Bologna,DEF,2,,,,,6.05,10,2026-2027,38,53.0,60.0,50.0,D,D,D,2026-2027
26f23146-984a-5612-92a8-18c9b34d001a,Othniël Raterink,Cagliari,DEF,1,,,,,,,2026-2027,,,,,,,,
86f5062a-f5b2-5d29-a46f-09fa3300f800,Edoardo Goldaniga,Como,DEF,3,,,,1.06,,,2026-2027,33,54.0,59.0,45.0,D,D,D,2026-2027
c2e0adb4-5afa-5d88-a258-009a71e3b030,Cuenca A.,Como,,,,,,,,,,,,,,,,,
e5a3d7c1-2222-5499-81a4-15a80dacc11e,Wisdom Amey,Frosinone,DEF,1,,,,,,,2026-2027,21,41.0,53.0,15.0,D,D,D,2026-2027
b2ef4252-c6c5-58bb-948e-10b82037e38d,Jacopo Gelli,Frosinone,DEF,3,,,,,,,2026-2027,,,,,,,,
2f4a5ad2-b267-56e7-a987-087949ef3f2b,Jeremy Oyono,Frosinone,DEF,1,,,,,,,2026-2027,,,,,,,,
d3ef57da-d85f-5f66-9ea6-837948574d78,Niccolo Corrado,Frosinone,MID,1,,,,,,,2026-2027,,,,,,,,
c9f933d9-a0da-549a-9de1-7f04ce3f513c,Alessandro Vogliacco,Genoa,DEF,2,,,,,,,2026-2027,,,,,,,,
fbfbbe33-e64e-549f-a4bf-ab510058a429,Alan Matturro,Genoa,DEF,1,,,,,,,2026-2027,,,,,,,,
ad032884-7ea7-58f0-870c-c652964d6e0c,Daniele Rugani,Juventus,DEF,2,1.15,1.84,3.22,3.44,5.68,8,2026-2027,32,50.0,60.0,45.0,D,D,D,2026-2027
952ccb39-f434-56ff-a90e-908dcb7a9391,Juan Cabal,Juventus,MID,4,4.8,4.32,,1.58,5.94,9,2026-2027,25,54.0,63.0,50.0,C,C,D,2026-2027
bd2b703f-1d99-5481-b230-c3f14d7b0c1b,Patric,Lazio,DEF,4,,4.52,,6.36,5.85,10,2026-2027,33,57.0,60.0,55.0,D,D,D,2026-2027
5ffff5b2-6ebe-5e56-88e9-41ee3200b2ab,Matías Perez,Lecce,DEF,1,,,,,5.0,1,2026-2027,,,,,,,,
3b5aed92-d649-59e5-8dee-db1ad0568ea5,Valentin Antov,Monza,DEF,2,,,,,,,2026-2027,26,50.0,58.0,50.0,D,D,D,2026-2027
8184fdf6-47af-5f3e-8052-10bd1c834bc5,Luca Marianucci,Napoli,DEF,4,4.42,3.81,2.93,4.18,5.72,11,2026-2027,22,55.0,64.0,50.0,D,D,D,2026-2027
7e62b5c5-d5e8-504f-a133-9459c00739a4,Pasquale Mazzocchi,Venezia,MID,3,,,,,5.94,9,2026-2027,31,60.0,62.0,70.0,C,C,D,2026-2027
1eeb6ca0-63d9-54b4-a455-6237e56d4768,Franco Ezequiel Carboni,Parma,DEF,2,,,,,6.0,2,2026-2027,23,54.0,60.0,55.0,D,D,D,2026-2027
b8907c74-813f-5322-9fba-478117042ae2,Jan Ziolkowski,Monza,DEF,1,,,,1.51,5.94,9,2026-2027,21,60.0,66.0,75.0,D,D,D,2026-2027
2db70618-f4d3-5e72-b7da-8584b2c56e19,Filippo Missori,Sassuolo,DEF,2,,,,,,,2026-2027,,,,,,,,
028da3f4-1873-57b5-83c8-1ca752781128,Edoardo Pieragnolo,Sassuolo,DEF,2,,,,,,,2026-2027,23,56.0,61.0,55.0,D,D,D,2026-2027
e92e442a-7ec7-5366-bf10-d1daf2eaa7e7,Branimir Mlacic,Udinese,DEF,2,,,,1.06,5.83,3,2026-2027,,,,,,,,
8ac54ae8-ecef-574f-b3e2-1120c47c2684,Alejandro Furtado Gomes,Venezia,DEF,1,,,,,,,2026-2027,18,40.0,54.0,10.0,D,D,D,2026-2027
84896b99-a94c-530e-b472-00d0ed3d3058,Omar Fayed,Frosinone,DEF,1,,,,,,,2026-2027,23,49.0,58.0,30.0,D,D,D,2026-2027
cf065ae9-cbc4-5ea2-af6b-cd1d8b10719c,Tommaso Macchioni,Sassuolo,DEF,1,,,,,,,2026-2027,,,,,,,,
2ecf4d1a-32fb-5694-95fd-bb6e18127bde,Yvan Maye,Monza,DEF,2,,,,,,,2026-2027,20,46.0,57.0,20.0,D,D,D,2026-2027
997ca01f-0103-5588-bc98-3901384aa6d8,Ali Dembele,Lecce,MID,2,,,,,5.0,1,2026-2027,22,49.0,59.0,30.0,C,C,D,2026-2027
17f1a76f-5307-516b-8310-47e2ebadefca,Nico Paz,Como,FWD,42,62.97,76.02,98.24,84.88,6.37,35,2026-2027,22,80.0,85.0,85.0,A,T,C,2026-2027
71cbc518-b93b-505b-a585-29d68c7ab099,Hakan Calhanoglu,Inter,MID,40,45.25,62.84,77.81,69.64,6.52,22,2026-2027,32,72.0,79.0,75.0,C,C,C,2026-2027
217c34f3-21a3-50e4-9ad9-def8c9b9cf8d,Scott Mctominay,Napoli,MID,37,44.55,51.31,73.96,60.59,6.39,33,2026-2027,30,78.0,80.0,80.0,C,T,C,2026-2027
686b01ef-f078-50b9-ba66-6983fbe9af24,Riccardo Orsolini,Bologna,FWD,33,30.02,44.39,56.19,47.88,6.05,34,2026-2027,29,69.0,71.0,75.0,A,T,C,2026-2027
2f9201be-afe6-5363-ae47-bbac0c7e9276,Christian Pulisic,Milan,FWD,37,37.77,58.66,57.2,66.25,6.14,27,2026-2027,28,77.0,79.0,80.0,A,T,C,2026-2027
0e7e939f-0174-5b16-aa41-4deb2ead471a,Adrien Rabiot,Milan,MID,32,30.74,35.39,53.37,45.29,6.32,29,2026-2027,31,72.0,76.0,80.0,C,T,C,2026-2027
43f8ce1d-9273-5268-8b07-e6b88011d17a,Martin Baturina,Como,MID,33,34.65,38.13,61.33,46.48,6.3,25,2026-2027,23,69.0,76.0,75.0,C,T,C,2026-2027
cd8617a0-dfeb-5024-9e19-94680315c8cf,Mora,Roma,,,,,,,,,,,,,,,,,
f3da0fa9-20dc-5748-8fa5-3faa7c1f38e1,Lucas Da Cunha,Como,MID,26,26.78,28.72,32.77,34.42,6.34,35,2026-2027,25,67.0,71.0,75.0,C,T,C,2026-2027
a13c1b4d-bc4a-501e-8ec7-03a8c1f96d5c,Nicolò Barella,Inter,MID,27,24.78,30.08,37.85,32.61,6.27,34,2026-2027,29,75.0,80.0,80.0,C,C,C,2026-2027
58a46468-eb82-5cb1-a7bc-a52df40f0441,Nicolò Zaniolo,Udinese,FWD,28,26.53,32.22,37.86,33.58,6.25,31,2026-2027,27,65.0,73.0,75.0,A,T,C,2026-2027
604055bd-94f5-5da0-a120-5dfeff1e00ed,Weston Mckennie,Juventus,MID,24,20.31,24.5,35.01,27.55,6.13,34,2026-2027,28,68.0,72.0,75.0,C,C,C,2026-2027
fea0eb0e-ec0b-5ba6-87a6-80a83a386023,Kevin De Bruyne,Napoli,MID,31,32.35,39.43,43.83,47.47,6.26,17,2026-2027,35,77.0,79.0,80.0,C,T,C,2026-2027
dd5bba76-df81-529a-9b06-6f2d309c708d,Mattia Zaccagni,Lazio,FWD,27,26.13,35.41,42.64,48.05,5.88,26,2026-2027,31,73.0,77.0,80.0,A,T,C,2026-2027
1c544a48-a178-501c-88d8-8b7ead048beb,Arthur Atta,Fiorentina,MID,22,21.51,27.17,34.12,31.61,6.35,32,2026-2027,23,62.0,73.0,70.0,C,C,C,2026-2027
c7dc1f19-bbbe-56f4-ba99-450f4fb0b858,Lazar Samardzic,Atalanta,MID,21,18.58,25.15,20.24,26.46,5.92,21,2026-2027,24,66.0,73.0,70.0,C,T,C,2026-2027
b0fffe4b-2b25-52b9-9012-21b95c5272ca,Fernandes Francisco Conceicao,Juventus,MID,22,18.98,33.67,41.69,36.92,6.28,30,2026-2027,24,66.0,74.0,70.0,C,T,C,2026-2027
93461120-7b51-51bc-98e5-6df876b3ded9,Kenneth Taylor,Lazio,MID,20,21.81,22.71,19.42,25.41,6.06,16,2026-2027,24,70.0,73.0,78.0,C,C,C,2026-2027
e985a8b8-a299-593e-b535-7417423e339e,Nikola Vlasic,Torino,MID,24,23.38,27.95,35.74,29.93,6.02,37,2026-2027,29,66.0,73.0,80.0,C,T,C,2026-2027
98b9c3b6-e66b-5dc1-9cc0-f8d5ef068e72,Ederson D.S.,Atalanta,MID,21,21.71,27.04,27.72,31.27,6.25,30,2026-2027,27,74.0,78.0,80.0,C,C,C,2026-2027
3ea98651-01f9-5855-8e19-742c4c6c105c,Albert Gudmundsson,Lazio,FWD,23,22.41,30.73,23.88,31.6,5.87,32,2026-2027,29,73.0,79.0,75.0,A,T,C,2026-2027
d137528d-ec14-52cf-a955-24717e6866ea,Piotr Zielinski,Inter,MID,21,21.96,28.07,28.98,33.55,6.25,30,2026-2027,32,65.0,69.0,70.0,C,T,C,2026-2027
7ed18631-77f8-5f45-954f-3d82ec421c4f,Luka Modric,Milan,MID,21,19.47,24.6,18.37,24.52,6.45,33,2026-2027,41,71.0,75.0,80.0,C,C,C,2026-2027
fb140223-4b84-549a-b454-6dd52cfd5234,Jurgen Ekkelenkamp,Udinese,MID,19,18.59,21.49,23.32,23.37,6.04,31,2026-2027,26,63.0,69.0,70.0,C,T,C,2026-2027
6476950b-b829-5c94-a52b-c5bdf7fba88d,Curtis Jones,Inter,MID,18,20.26,22.8,19.01,28.51,,,2026-2027,25,64.0,70.0,65.0,C,C,C,2026-2027
15893305-0919-5f86-adaf-841778d7d05a,Nicolas Gonzalez,Juventus,FWD,10,12.63,20.37,19.04,27.55,,,2026-2027,28,60.0,70.0,55.0,A,T,C,2026-2027
8fe6912b-8429-52b1-9534-a5cc05ac50d1,Franck Kessie,Atalanta,MID,17,25.48,31.8,31.89,35.83,,,2026-2027,30,72.0,77.0,75.0,C,C,C,2026-2027
d8661b39-503e-513f-aa50-48341e7f313f,Pedro António Pereira Goncalves,Fiorentina,MID,20,29.41,36.19,30.81,38.9,,,2026-2027,28,68.0,72.0,70.0,C,T,C,2026-2027
3e29e540-5b6a-5bba-bf91-10d018f7424c,Jesús Rodriguez,Como,FWD,20,21.07,22.06,18.92,24.06,6.25,28,2026-2027,21,64.0,75.0,65.0,A,T,C,2026-2027
5698c708-58e3-5459-b471-5a5ac7d55d41,Tommaso Baldanzi,Genoa,MID,17,19.56,24.3,15.54,20.62,6.14,17,2026-2027,23,62.0,72.0,75.0,C,T,C,2026-2027
25a79c7d-bb68-51a6-a6d1-1ecbfac3d760,Kerim-Sam Alajbegovic,Juventus,FWD,19,19.94,28.81,22.74,32.57,,,2026-2027,19,66.0,76.0,70.0,A,T,C,2026-2027
a8ad0c8d-57e9-5371-81db-022119ac4809,Alexis Saelemaekers,Milan,MID,18,19.4,19.64,18.44,22.82,6.14,35,2026-2027,27,65.0,68.0,65.0,C,T,C,2026-2027
0ac37811-5b2c-57c1-9682-7993e1bfa542,Franco Mastantuono,Fiorentina,MID,22,24.55,30.57,39.01,32.99,,,2026-2027,19,73.0,77.0,75.0,C,T,C,2026-2027
91d6a8e0-7689-5d85-8cd1-1314a722b40d,Moreira,Milan,,,,,,,,,,,,,,,,,
c1449d5b-d420-53ca-98bb-5eea7b1bfd3a,Federico Bernardeschi,Bologna,FWD,15,16.28,17.18,16.79,20.25,6.04,24,2026-2027,32,63.0,70.0,70.0,A,T,C,2026-2027
b4e698cc-5b6d-545e-99a3-2328abcbba40,Jonathan Rowe,Atalanta,FWD,20,21.21,25.84,22.69,37.87,6.19,28,2026-2027,23,63.0,73.0,70.0,A,T,C,2026-2027
7ac1e07c-e70b-56a0-b175-74eb23f7b217,Maximo Perrone,Como,MID,17,18.38,22.83,15.76,20.33,6.22,36,2026-2027,23,67.0,74.0,75.0,C,C,C,2026-2027
de201baf-7f56-5503-82e7-f6e2a29de9dc,Davide Frattesi,Lazio,MID,16,26.71,31.73,43.61,44.7,5.89,14,2026-2027,27,67.0,73.0,75.0,C,T,C,2026-2027
65fa4b88-21c9-5222-9f6c-5af854355c44,Zambo Anguissa,Napoli,MID,18,19.0,19.86,17.89,20.79,6.16,18,2026-2027,31,60.0,68.0,60.0,C,C,C,2026-2027
fe2fc395-af52-545a-ab41-5f5b06f21dcb,Antonio Vergara,Napoli,MID,15,16.17,20.07,15.32,18.83,6.25,8,2026-2027,23,59.0,71.0,50.0,C,T,C,2026-2027
ef95bb61-9274-5743-b9f1-b238aaaec23e,Manu Kone,Roma,MID,20,21.74,23.16,24.88,29.19,6.25,29,2026-2027,25,66.0,70.0,80.0,C,C,C,2026-2027
a559f7ed-d91d-501d-b79a-7d83d197a168,Kristian Thorstvedt,Sassuolo,MID,17,17.51,18.87,16.57,20.24,6.14,31,2026-2027,27,65.0,69.0,80.0,C,T,C,2026-2027
7b4151ce-003c-5684-be86-95f0d32afa67,Andy Diouf,Inter,MID,11,13.74,16.24,18.11,20.06,6.15,10,2026-2027,23,62.0,70.0,60.0,C,C,C,2026-2027
70fb165b-e4e1-5b09-8f4b-ef461e87200c,Petar Sucic,Inter,MID,17,18.89,18.94,17.71,19.11,6.07,28,2026-2027,23,64.0,75.0,60.0,C,T,C,2026-2027
24e91424-5f74-5bac-bd38-aac55516b95f,Manuel Locatelli,Juventus,MID,15,16.3,16.91,14.84,18.25,6.26,36,2026-2027,28,65.0,67.0,75.0,C,C,C,2026-2027
25e1e594-cba4-5e18-962a-4025ceafd1ec,Khéphren Thuram,Juventus,MID,17,18.44,19.95,16.88,20.81,6.1,34,2026-2027,25,69.0,71.0,70.0,C,C,C,2026-2027
921e57ef-5894-542c-84d0-86393f1c3a2e,Matteo Cancellieri,Lazio,FWD,14,14.68,16.07,13.91,17.08,5.92,28,2026-2027,24,61.0,67.0,55.0,A,T,C,2026-2027
c8a5a9cc-0376-546e-b639-6f88531c6a2b,Gustav Isaksen,Lazio,FWD,15,17.01,17.31,15.15,18.66,6.03,27,2026-2027,25,61.0,70.0,70.0,A,T,C,2026-2027
e54f95fe-96c9-50f5-a34d-d8358de705ab,Andrea Colpani,Monza,MID,15,16.17,17.19,15.55,18.62,,,2026-2027,27,65.0,70.0,75.0,C,T,C,2026-2027
a8672d87-3f77-5400-b7a5-0fb7b0535499,Matteo Politano,Napoli,FWD,19,19.64,24.44,18.79,24.31,6.09,33,2026-2027,33,67.0,73.0,70.0,A,T,C,2026-2027
06fbc7e2-0f53-5019-a842-08b25d796429,Bryan Cristante,Roma,MID,15,17.1,17.61,14.77,19.05,6.1,37,2026-2027,31,64.0,69.0,75.0,C,C,C,2026-2027
bf8cff3e-1cd1-5a4e-80a0-ff76d25b2694,Cristian Volpato,Sassuolo,MID,15,15.83,16.51,15.89,19.15,6.14,21,2026-2027,23,60.0,64.0,60.0,C,T,C,2026-2027
3f414e1d-944a-53f7-8018-967fe348ae5d,Cesare Casadei,Torino,MID,16,17.96,22.27,15.61,21.13,5.96,32,2026-2027,23,65.0,75.0,75.0,C,T,C,2026-2027
1cfc54ff-c071-50d6-a038-f174f541cd87,Lorenzo Pellegrini,Roma,MID,19,20.19,22.0,23.77,22.21,6.04,24,2026-2027,30,63.0,71.0,60.0,C,T,C,2026-2027
5cd4d7d1-adb6-5189-ad72-6d7894498961,Mario Pasalic,Atalanta,MID,16,16.83,17.84,15.5,19.78,5.93,31,2026-2027,31,70.0,76.0,70.0,C,T,C,2026-2027
3eb2d63c-711d-5bd9-9c82-dcc3035b5848,Jens Odgaard,Bologna,FWD,15,15.83,17.11,15.26,18.54,5.9,22,2026-2027,27,59.0,65.0,60.0,A,T,C,2026-2027
f31f3ec5-5974-5198-b40e-7305978b5928,Nicolo Cambiaghi,Bologna,FWD,14,15.45,16.58,14.8,18.31,5.97,24,2026-2027,26,64.0,70.0,65.0,A,A,C,2026-2027
8a74585b-4096-5070-9f1e-262906d4345b,Rolando Mandragora,Torino,MID,15,16.59,16.63,15.46,19.29,6.04,34,2026-2027,29,64.0,67.0,75.0,C,C,C,2026-2027
3b3fc09d-5d87-5751-b925-b5e033d4eab3,Giacomo Calo,Frosinone,MID,13,14.93,15.67,12.7,15.74,,,2026-2027,29,62.0,62.0,75.0,C,C,C,2026-2027
ae20b324-0e00-566d-8a21-883ad9ddd9ed,Samuel Chukwueze,Milan,MID,13,15.51,16.51,14.97,18.32,5.5,1,2026-2027,27,62.0,71.0,65.0,C,T,C,2026-2027
5d2acaaa-15d7-5619-8786-acc9094962ab,Stanislav Lobotka,Napoli,MID,15,17.47,21.31,15.68,19.66,6.04,31,2026-2027,32,67.0,70.0,75.0,C,C,C,2026-2027
a261eedf-f7b4-5ad6-a160-d6eebc6889bc,Ismaël Kone,Sassuolo,MID,13,,,,20.49,6.18,35,2026-2027,24,65.0,70.0,75.0,C,C,C,2026-2027
1f7e9936-2dd7-5f35-a078-fe717878600d,Romano Schmid,Frosinone,MID,14,16.32,19.94,13.76,16.86,,,2026-2027,26,63.0,70.0,75.0,C,T,C,2026-2027
a0e63140-637a-5a46-af1d-632aff71d952,Omari Giraud Hutchinson,Milan,MID,16,17.13,21.04,15.92,19.96,,,2026-2027,23,63.0,71.0,60.0,C,T,C,2026-2027
f45d9118-558d-5efc-bfb7-bc1996abb4ef,Samuel Mbangula,Bologna,FWD,10,,10.55,,10.01,,,2026-2027,22,57.0,64.0,55.0,A,T,C,2026-2027
c631a93f-997a-5777-aa84-dc051badeafa,Gianluca Gaetano,Atalanta,MID,14,16.78,20.75,13.94,17.5,6.06,32,2026-2027,26,63.0,69.0,65.0,C,T,C,2026-2027
fcc97452-5f13-58ea-bb7d-984dfaf1adc2,Nicola Zalewski,Atalanta,MID,13,14.31,16.06,13.07,17.15,6.09,31,2026-2027,24,64.0,72.0,65.0,C,T,C,2026-2027
1a51675b-d038-5e8f-a83d-b2c913c22292,Lewis Ferguson,Bologna,MID,14,15.29,16.1,14.23,17.28,5.8,23,2026-2027,27,68.0,72.0,80.0,C,T,C,2026-2027
f3c5bf16-5faa-56bf-abf3-a20682f5b522,Ndary Adopo,Cagliari,MID,11,,12.41,11.5,12.93,5.82,38,2026-2027,26,61.0,65.0,75.0,C,C,C,2026-2027
30e1951f-d821-5459-89ca-de282cbd3c0f,Alessandro Romano,Cagliari,MID,9,6.87,8.23,5.73,7.21,,,2026-2027,20,59.0,67.0,70.0,C,C,C,2026-2027
1dcfeeb3-de59-57d7-976a-ef96952a65d0,Nicolo Fagioli,Fiorentina,MID,15,17.02,17.14,15.33,17.33,6.03,33,2026-2027,25,64.0,73.0,70.0,C,C,C,2026-2027
064ec1ca-a024-524a-9f99-7afffa41fd00,Cher Ndour,Fiorentina,MID,12,13.06,16.15,12.15,15.43,5.8,30,2026-2027,22,62.0,68.0,70.0,C,C,C,2026-2027
c8895f77-42ab-5699-be7b-5150a44c012a,Morten Frendrup,Genoa,MID,12,,13.51,12.2,15.2,5.95,36,2026-2027,25,66.0,70.0,80.0,C,C,C,2026-2027
ae8e2421-af4f-5e75-a262-d11f94d7ceb3,Teun Koopmeiners,Juventus,MID,12,,13.45,12.36,14.67,5.63,29,2026-2027,28,60.0,71.0,50.0,C,T,C,2026-2027
8942149c-b960-5233-81f6-2b5076c04bfe,Nicolo Rovella,Lazio,MID,11,,12.28,11.14,13.02,5.72,11,2026-2027,25,65.0,70.0,70.0,C,C,C,2026-2027
58bf5335-94d3-5c59-920a-5582ba562724,Lassana Coulibaly,Lecce,MID,10,10.81,13.44,,12.72,6.04,33,2026-2027,30,59.0,62.0,70.0,C,C,C,2026-2027
dea18ec3-36d1-5910-be98-73675698c274,Ebenezer Akinsanmiro,Monza,MID,9,,,,1.0,5.8,23,2026-2027,22,60.0,64.0,70.0,C,T,C,2026-2027
01ec36df-0f23-5b4d-9121-2b38b98c38a9,Adrian Bernabe,Parma,MID,14,16.88,20.56,15.43,18.63,6.17,32,2026-2027,25,66.0,75.0,75.0,C,C,C,2026-2027
c0d89f52-2ec9-52a3-9ac4-eb9d3c4050a1,Niccolo Pisilli,Roma,MID,13,13.86,14.68,13.34,16.66,6.09,22,2026-2027,22,58.0,65.0,60.0,C,C,C,2026-2027
098ba44d-2f61-52c1-ab78-4c3860f4b2d7,Jesper Karlstrom,Udinese,MID,12,,13.26,12.38,14.71,5.95,36,2026-2027,31,64.0,64.0,80.0,C,C,C,2026-2027
4b7f6de3-8a6b-5c9b-9986-23d60bd7f979,Etxebarria Unai Gomez,Udinese,MID,13,14.01,14.15,13.25,15.97,,,2026-2027,23,60.0,65.0,60.0,C,T,C,2026-2027
fa2cd156-9c5c-59ab-9962-53aba8ad30d1,Djibril Sow,Genoa,MID,14,,16.34,14.1,16.4,,,2026-2027,29,62.0,66.0,75.0,C,C,C,2026-2027
dad41fa7-59af-5b08-93bf-cdedd98076ac,Eljif Elmas,Atalanta,MID,15,14.77,16.42,15.13,18.97,5.8,28,2026-2027,27,63.0,70.0,60.0,C,T,C,2026-2027
4870a398-f84b-5bf6-9e61-5cb8bcf99bb3,Joel Almada Monteiro,Lecce,FWD,7,,,,,,,2026-2027,27,60.0,62.0,65.0,A,T,C,2026-2027
fe954dbe-7f9e-5462-bcf6-8e0fc4f8a567,Pape Matar Sarr,Juventus,MID,11,11.53,16.66,11.62,15.67,,,2026-2027,24,61.0,70.0,65.0,C,C,C,2026-2027
ea8c9888-cae7-5cc2-8f97-b69d9d30b981,Stephan El Shaarawy,Genoa,FWD,11,17.14,20.89,,10.37,6.13,18,2026-2027,34,61.0,67.0,65.0,A,T,C,2026-2027
cd23ae7a-bc00-5a69-802e-fe64ee48d897,Tommaso Pobega,Bologna,MID,11,,,,11.17,5.82,23,2026-2027,27,62.0,71.0,65.0,C,C,C,2026-2027
79b24d37-153e-5694-aa35-a47b277ce2ac,Harry Winks,Cagliari,MID,10,,,,10.86,,,2026-2027,30,63.0,67.0,75.0,C,C,C,2026-2027
70ee922d-fa9e-54bf-9936-0d95283d3a3e,Jacopo Fazzini,Cagliari,MID,11,11.94,12.64,12.52,15.11,5.87,12,2026-2027,23,61.0,69.0,75.0,C,C,C,2026-2027
679a1e52-c4bb-5e18-aa65-6e9d3e2a2f7f,Luis Manzanares Milla,Como,MID,10,11.29,11.68,11.14,13.88,,,2026-2027,32,61.0,62.0,60.0,C,C,C,2026-2027
4fae29c9-fea2-585f-b53d-0fe0bf7f9c94,Maxence Caqueret,Como,MID,13,,13.69,,13.32,6.1,28,2026-2027,26,61.0,70.0,55.0,C,T,C,2026-2027
0f425cd1-70b0-5a1c-b840-097307384d38,Mattia Liberali,Como,MID,10,11.0,12.0,10.83,13.67,,,2026-2027,19,54.0,65.0,50.0,C,T,C,2026-2027
0bea15f0-f9ff-5b83-9ec2-d7d008ec7337,Christ Ravynel Inao Oulai,Fiorentina,MID,10,11.83,14.44,10.2,13.26,,,2026-2027,20,62.0,70.0,70.0,C,C,C,2026-2027
7a98ce22-533c-51af-b68a-45f576a9e212,Alessio Zerbin,Frosinone,MID,9,,,,6.71,5.75,29,2026-2027,27,60.0,65.0,70.0,C,T,C,2026-2027
b9459bf0-7418-574f-b391-d541dc2d4eff,Mikael Ellertsson,Genoa,MID,10,,11.67,,10.6,5.84,35,2026-2027,24,61.0,64.0,70.0,C,C,C,2026-2027
2f8cba29-b953-5d54-a104-b156a26d9818,Edon Zhegrova,Juventus,MID,11,,,10.68,,5.95,12,2026-2027,27,56.0,64.0,50.0,C,T,C,2026-2027
a838ed9b-0083-5cb3-9dc2-67d3f47b7079,Santiago Pierotti,Lecce,FWD,12,,12.0,12.14,12.29,5.79,37,2026-2027,25,62.0,67.0,75.0,A,T,C,2026-2027
a98b02e4-9fca-5cd4-801c-c9f096f9d120,Matteo Pessina,Monza,MID,12,,13.74,,12.29,,,2026-2027,29,65.0,70.0,75.0,C,C,C,2026-2027
badf5159-baea-5202-947d-bf5849162213,Hans Nicolussi Caviglia,Parma,MID,10,16.58,18.78,16.01,19.99,5.89,23,2026-2027,26,61.0,66.0,65.0,C,C,C,2026-2027
c56b242e-000d-5dfa-8cae-5d13acb382c0,Nemanja Matic,Sassuolo,MID,11,11.31,12.28,,11.17,5.95,34,2026-2027,38,60.0,65.0,70.0,C,C,C,2026-2027
04f3d626-86f1-52b4-81d3-2e9bdad217a7,Vasilije Adzic,Sassuolo,MID,8,6.1,7.46,7.41,9.03,6.12,4,2026-2027,20,60.0,69.0,65.0,C,T,C,2026-2027
7b394bca-864b-5cd2-ad62-7f90bb687eb2,Darryl Bakola,Sassuolo,MID,8,1.1,2.95,4.25,4.35,6.16,3,2026-2027,19,59.0,69.0,60.0,C,T,C,2026-2027
489d2830-18c1-53a9-b6fd-a6ba67c6cb68,Alessio Cacciamani,Torino,MID,8,4.67,4.94,6.3,8.15,,,2026-2027,19,60.0,65.0,70.0,C,C,C,2026-2027
72dd7043-19fd-54c2-b469-cc25bdc703c4,Gaetano Pio Oristanio,Torino,FWD,12,,15.59,,,5.77,18,2026-2027,24,63.0,69.0,70.0,A,T,C,2026-2027
b4455d4f-d4f1-5951-bd4b-24ef54f71d52,Jakub Piotrowski,Udinese,MID,12,15.56,18.27,,12.6,5.88,30,2026-2027,29,60.0,66.0,70.0,C,C,C,2026-2027
be710d42-81e7-5c07-a17d-e0e29280e8cc,Toma Basic,Venezia,MID,10,,11.72,,13.72,6.08,23,2026-2027,30,59.0,61.0,70.0,C,C,C,2026-2027
13f2d157-44ee-5d97-a52b-c538f7018131,Idrissa Toure,Monza,MID,8,13.57,15.55,11.97,15.43,5.81,30,2026-2027,28,60.0,63.0,70.0,C,C,C,2026-2027
301814ea-2aa5-512b-86e5-ae5868bba4b8,Daniel Santos Braganca,Torino,MID,10,,,,,,,2026-2027,27,61.0,65.0,65.0,C,C,C,2026-2027
e2bdecc1-83f1-562a-8c36-5fab70ddd5d8,Mikel Jesus Amondarain,Bologna,MID,7,,,,,,,2026-2027,21,52.0,65.0,50.0,C,C,C,2026-2027
169f9a40-70eb-5a5f-91ca-3be3c751c62f,Mattia Felici,Cagliari,MID,9,,,,,6.04,11,2026-2027,25,58.0,62.0,55.0,C,T,C,2026-2027
e0837cac-f510-598d-8316-026271becc6b,Franz-Ethan Meichtry,Genoa,MID,8,,2.66,,,,,2026-2027,21,57.0,66.0,55.0,C,T,C,2026-2027
5846ee56-ef2f-5175-a4fb-111605062b7e,de Lima Luis Henrique,Inter,MID,10,,11.58,,9.27,5.88,27,2026-2027,25,64.0,72.0,60.0,C,T,C,2026-2027
16d5410a-c394-5488-8d08-024b83d1da6c,Fisayo Dele-Bashiru,Lazio,MID,9,,13.23,,14.31,5.69,21,2026-2027,25,60.0,66.0,60.0,C,T,C,2026-2027
2645e2d3-a3b1-5ac8-bdc9-af8249dc56cb,Ardon Jashari,Milan,MID,10,10.68,11.07,10.28,12.75,5.7,12,2026-2027,24,61.0,70.0,60.0,C,C,C,2026-2027
d722f103-f61b-5332-bc2f-167946b3a5d3,Mandela Keita,Parma,MID,10,,11.41,10.44,11.6,6.01,36,2026-2027,24,65.0,71.0,75.0,C,C,C,2026-2027
bddc1ca5-79dc-584b-ac4c-b8caa51c23c7,Jacob Ondrejka,Parma,FWD,9,16.21,26.95,,11.98,5.7,15,2026-2027,,,,,,,,
3f8503ed-73f4-550a-ac2f-9ea1e21f3120,Kian Fitz-Jim,Torino,MID,8,6.83,5.92,2.78,4.66,,,2026-2027,23,60.0,64.0,65.0,C,C,C,2026-2027
27eb496d-528f-546c-a8cb-462c9975cc38,Gvidas Gineitis,Torino,MID,9,,,,14.84,5.87,27,2026-2027,22,60.0,65.0,60.0,C,C,C,2026-2027
124e429f-063e-5c24-aa2c-1a61cd7f7f61,Gianluca Busio,Venezia,MID,11,12.08,12.86,11.2,13.09,,,2026-2027,24,62.0,66.0,80.0,C,C,C,2026-2027
bff0ccd1-3d87-5f26-ae19-8d7c64b25225,Simon Sohm,Venezia,MID,8,14.61,16.97,16.34,21.41,5.64,24,2026-2027,25,63.0,65.0,65.0,C,C,C,2026-2027
2f6830ef-5684-5940-bc99-7977d88470f2,Kike Perez,Venezia,MID,10,,11.67,10.39,,,,2026-2027,29,60.0,63.0,60.0,C,T,C,2026-2027
d8f71d4a-284b-5b10-bccf-b3a49e4f5427,Alphadjo Cisse,Milan,FWD,6,8.77,9.84,10.07,11.54,,,2026-2027,20,55.0,67.0,50.0,A,T,C,2026-2027
7f47bbc8-7e30-5e50-bcc3-952bf30e0e3c,Marten De Roon,Roma,MID,10,12.72,15.87,10.39,12.68,5.97,34,2026-2027,35,61.0,65.0,60.0,C,C,C,2026-2027
1d15d98c-d69e-50b8-b0b5-855911b6cb24,Nikola Moro,Bologna,MID,9,,,,14.31,5.92,28,2026-2027,28,61.0,67.0,60.0,C,C,C,2026-2027
a6ea026a-ac51-5c7d-bb8c-205589000598,Benjamín Dominguez,Sassuolo,FWD,8,,15.2,,6.07,5.83,12,2026-2027,23,60.0,68.0,60.0,A,T,C,2026-2027
916285ef-e76a-59fd-a2a9-0a8abc3bcad4,Matteo Prati,Cagliari,MID,7,,14.8,,14.84,5.87,32,2026-2027,,,,,,,,
9087a138-6a69-5121-a41e-72e2b15a4642,Jayden Addai,Como,FWD,10,11.95,13.07,14.65,15.83,5.95,12,2026-2027,21,59.0,67.0,55.0,A,T,C,2026-2027
58db02f0-3bcd-5df5-9dd7-a06a9e83fb4c,Giovanni Fabbian,Parma,MID,8,2.02,2.24,2.81,5.16,5.79,22,2026-2027,23,60.0,70.0,60.0,C,T,C,2026-2027
1a624d4c-04ba-5655-9f17-1a41fbe398b4,Matteo Cichella,Frosinone,MID,7,,,,,,,2026-2027,21,57.0,65.0,55.0,C,C,C,2026-2027
bdad7bbe-26d0-53ea-b585-030a6eb0e9e5,Ilias Koutsoupias,Frosinone,MID,8,,,,,,,2026-2027,25,59.0,64.0,65.0,C,C,C,2026-2027
86f972aa-8eec-5a5b-b095-1e28e725b7a6,Seydou Fini,Frosinone,FWD,6,,,,,,,2026-2027,20,58.0,64.0,60.0,A,T,C,2026-2027
47ab3115-d9da-5334-931d-7ff9b240361b,Alex Amorim,Genoa,MID,8,,,,2.42,5.72,9,2026-2027,21,61.0,66.0,60.0,C,C,C,2026-2027
cb65fc9f-50c5-5222-9253-bc25355b2add,Junior Messias,Genoa,MID,7,,23.75,21.96,25.03,6.18,19,2026-2027,35,61.0,64.0,55.0,C,T,C,2026-2027
59cebb5e-aea4-53d4-b7e3-e895f6dce99f,Hamed Junior Traore,Genoa,MID,10,,,10.13,,,,2026-2027,26,63.0,70.0,65.0,C,T,C,2026-2027
569ee3ba-ea95-5ef2-b646-5931a8b98af5,Henrikh Mkhitaryan,Inter,MID,12,,13.06,,12.01,6.21,28,2026-2027,37,64.0,69.0,60.0,C,T,C,2026-2027
6ba8aab0-f9dc-5e74-95eb-0283a423c050,Douglas Luiz,Juventus,MID,7,3.33,6.44,5.61,6.99,,,2026-2027,28,59.0,67.0,45.0,C,C,C,2026-2027
d2d0d04d-eebe-5da7-b94e-e292051a9b55,Danilo Cataldi,Lazio,MID,8,18.12,20.61,16.25,20.72,6.07,27,2026-2027,32,60.0,64.0,60.0,C,C,C,2026-2027
63f1fdb3-b49b-526e-8986-f7347384e03d,Oumar Ngom,Lecce,MID,7,,,,,5.69,13,2026-2027,22,56.0,62.0,60.0,C,C,C,2026-2027
668ba604-d90a-50b7-8b0e-526696071854,Medon Berisha,Lecce,MID,8,,1.09,2.41,4.06,6.16,12,2026-2027,23,57.0,61.0,60.0,C,T,C,2026-2027
7ac4b621-d0eb-55d2-b56e-c9843550f8d7,Omri Gandelman,Lecce,MID,10,,17.79,14.88,19.11,5.96,16,2026-2027,26,62.0,65.0,65.0,C,T,C,2026-2027
45a12b46-e356-5132-abe3-b77979ce9225,Youssouf Fofana,Milan,MID,10,19.89,21.69,15.41,23.37,5.84,33,2026-2027,,,,,,,,
5729bda8-5bcf-5f53-bc45-1d38d7e380e4,Samuele Ricci,Como,MID,7,,,,4.46,6.0,28,2026-2027,25,60.0,69.0,65.0,C,C,C,2026-2027
0db55dda-f564-5f8c-9663-ddc66c22baa4,Ruben Loftus-Cheek,Milan,MID,9,1.63,3.45,1.89,9.3,6.09,21,2026-2027,30,63.0,72.0,60.0,C,C,C,2026-2027
62e7bcb6-a19f-556a-8bd8-4c6d3a2876a4,Michael Folorunsho,Monza,MID,7,,,2.93,,6.03,26,2026-2027,28,62.0,64.0,75.0,C,C,C,2026-2027
e036af08-1e2a-5d82-97c9-bc53ed51a09a,Pontus Almqvist,Parma,FWD,7,,1.11,,,5.94,9,2026-2027,27,56.0,63.0,50.0,A,T,C,2026-2027
23b96d81-84b6-5126-9a31-237805aca646,Neil El Aynaoui,Roma,MID,7,15.78,19.67,14.34,18.08,5.97,21,2026-2027,,,,,,,,
e8deb1bf-9244-5979-9b0b-fbceac23f3eb,Emirhan Ilkhan,Torino,MID,8,,,,10.6,5.82,17,2026-2027,22,56.0,63.0,55.0,C,T,C,2026-2027
2e5d3c6d-da7d-5202-a34a-bd8203aea70e,Alieu Njie,Fiorentina,FWD,9,2.4,9.24,3.64,9.65,5.8,10,2026-2027,21,53.0,61.0,50.0,A,A,C,2026-2027
d63d347e-8da6-598c-bf59-57ebaf23e9f6,Lennon Miller,Udinese,MID,7,,13.93,,5.83,5.92,19,2026-2027,20,59.0,67.0,60.0,C,C,C,2026-2027
f7a0199b-bf0f-583f-9e22-35993c9d1e46,Florian Grillitsch,Frosinone,MID,8,,,,,,,2026-2027,31,60.0,62.0,70.0,C,C,C,2026-2027
6b0952f1-6436-593e-9ace-fe67733df1c9,Yanis Massolin,Cagliari,MID,4,,,,,,,2026-2027,24,58.0,65.0,65.0,C,T,C,2026-2027
55ea4ec3-695e-51e4-85e1-896db11e9ae3,Ibrahim Sulemana,Sassuolo,MID,7,,1.17,4.82,3.97,5.69,18,2026-2027,23,58.0,65.0,65.0,C,C,C,2026-2027
7b89cc62-7d1e-5753-925d-e83e98c3fe79,Alessandro Deiola,Cagliari,MID,5,,,,,5.97,20,2026-2027,31,57.0,59.0,55.0,C,C,C,2026-2027
e0920390-79aa-5d59-9273-f7adc0c20a61,Marco Brescianini,Fiorentina,MID,7,,,,3.35,5.97,18,2026-2027,26,61.0,63.0,60.0,C,C,C,2026-2027
028458d8-7386-55ed-b99b-7c91ef987646,Francesco Gelli,Frosinone,MID,6,,,,,,,2026-2027,30,59.0,60.0,60.0,C,T,C,2026-2027
0959057c-1057-5a47-be62-b92f0d122f9b,Patrizio Masini,Frosinone,MID,6,,10.28,,14.13,5.97,21,2026-2027,25,60.0,67.0,65.0,C,C,C,2026-2027
2fdb45af-e3da-5061-a073-5e07d6714843,Aleksandar Stankovic,Inter,MID,6,2.98,2.78,1.21,,,,2026-2027,21,57.0,71.0,50.0,C,C,C,2026-2027
d2d25632-7b76-5de5-a515-eebfa1b95875,Fabio Miretti,Juventus,MID,7,13.05,16.04,16.73,17.86,5.96,15,2026-2027,,,,,,,,
ac6ebc26-74fb-5bbb-b23f-96ec5e04ac71,Olaf Gorter,Lecce,MID,5,,,2.49,,5.5,1,2026-2027,21,38.0,53.0,45.0,C,C,C,2026-2027
8c12b315-1b2f-5e89-9332-7a28b0acac47,Youssef Maleh,Lecce,MID,6,,,,,5.69,21,2026-2027,28,59.0,62.0,60.0,C,C,C,2026-2027
ced96226-1220-5a3e-b599-19f6e13b9656,Yunus Musah,Milan,MID,6,,,,3.94,5.93,16,2026-2027,24,59.0,68.0,55.0,C,C,C,2026-2027
e189ff0a-cf2e-582a-a4b3-dc98496924b5,Leonardo Colombo,Monza,MID,6,,,,,,,2026-2027,21,59.0,64.0,65.0,C,C,C,2026-2027
cc70fff6-4ca0-59db-a1ea-badc72be6539,Billy Gilmour,Napoli,MID,7,,10.83,,5.3,6.07,13,2026-2027,25,60.0,67.0,60.0,C,C,C,2026-2027
35715968-bd13-5054-924d-adae383ee908,Christian Ordonez,Parma,MID,6,,,,,5.78,21,2026-2027,22,60.0,68.0,60.0,C,C,C,2026-2027
48f6f1a9-611d-5ac3-b8e4-b64ca139402c,Oliver Sorensen,Parma,MID,7,,18.09,,7.95,5.85,30,2026-2027,,,,,,,,
3105434b-2888-5301-92a0-60379432fda8,Diallo O.,Parma,FWD,4,,,,,,,2026-2027,19,48.0,61.0,45.0,A,T,C,2026-2027
44202792-a4ef-5b0c-8f61-1138d9609442,Zakaria Aboukhlal,Torino,FWD,5,,1.26,,0.5,5.77,11,2026-2027,26,60.0,69.0,70.0,A,A,C,2026-2027
afb83e69-b14a-5ec9-abb4-0a83c5b60488,Thorir Helgason,Venezia,MID,5,,,,,5.62,4,2026-2027,26,59.0,62.0,65.0,C,T,C,2026-2027
c1e9bfd4-2bde-5355-b322-25c660070313,Roberto Gagliardini,Cagliari,MID,6,,17.73,,,5.91,28,2026-2027,32,60.0,64.0,65.0,C,C,C,2026-2027
ebf206f5-02ab-5b25-ba5d-e7e62025b7ee,Antonio Casino Fernandez,Venezia,FWD,5,,0.76,,,,,2026-2027,18,56.0,62.0,55.0,A,T,C,2026-2027
34f59f32-8cb8-5bea-971d-be5ee70cc7b9,Oussama El Azzouzi,Bologna,MID,4,,,,,,,2026-2027,25,57.0,64.0,55.0,C,C,C,2026-2027
4d8b6b3f-51cd-54db-9d7c-365fadf7d961,Alieu Fadera,Cagliari,MID,7,,18.43,,6.98,5.91,24,2026-2027,25,60.0,65.0,50.0,C,T,C,2026-2027
abb229de-9196-5a4c-8faf-d15a78edc35b,Luis Hasa,Frosinone,MID,5,,,,,,,2026-2027,22,57.0,64.0,60.0,C,T,C,2026-2027
b0bb3fc5-924a-5ed6-a4a0-d711f71be096,Lorenzo Venturino,Genoa,MID,6,,8.77,,0.53,5.85,7,2026-2027,20,57.0,65.0,50.0,C,T,C,2026-2027
7c527c2f-3e68-5b70-bb89-ee8172b8560d,Reda Belahyane,Lazio,MID,4,,1.17,,,5.77,11,2026-2027,22,58.0,65.0,55.0,C,C,C,2026-2027
b4d3d8ee-85da-5d10-8d65-288578652923,Patrick Ciurria,Monza,MID,6,,,,,,,2026-2027,31,58.0,62.0,60.0,C,T,C,2026-2027
c82658bd-d24c-5725-a5f2-022b807efa10,Benjamín Cremaschi,Parma,MID,3,,,,1.06,6.0,1,2026-2027,21,56.0,64.0,50.0,C,C,C,2026-2027
8e7c7738-b1ff-52a3-ab8e-e8ceda70c5a5,Daniel Boloca,Sassuolo,MID,4,,2.53,,0.53,5.75,2,2026-2027,28,58.0,63.0,55.0,C,C,C,2026-2027
b36430e7-e631-5872-ba4f-c9cba6c1c278,Luca Lipani,Sassuolo,MID,5,,11.94,,5.83,5.92,21,2026-2027,21,60.0,64.0,65.0,C,C,C,2026-2027
d896452a-68bd-5120-ae85-eab30d67dc28,Oier Zarraga,Udinese,MID,4,,,,,5.75,10,2026-2027,27,56.0,60.0,55.0,C,C,C,2026-2027
b752b8d1-c83b-53d6-b432-bf914f945e5b,Giorgi Chakvetadze,Udinese,MID,4,,,,,,,2026-2027,27,55.0,60.0,40.0,C,T,C,2026-2027
c3c7dc6f-6d3f-5cf9-81ab-a77b6c3c34c0,Alfred Duncan,Venezia,MID,5,,,,,,,2026-2027,33,55.0,59.0,55.0,C,C,C,2026-2027
cb576d9d-0545-5141-bb0b-ebadf287a41f,Omari Forson,Monza,MID,4,,,,,,,2026-2027,22,53.0,59.0,50.0,C,T,C,2026-2027
2ba96b19-8089-5707-aeb8-49ae35fe3fba,Manga Foe Ondoa,Monza,MID,3,,,,,,,2026-2027,21,48.0,59.0,45.0,C,T,C,2026-2027
10535b65-f1bc-5d06-b6c4-c85d4fa36b56,Lazar Jovanovic,Udinese,FWD,6,,,,,,,2026-2027,20,55.0,61.0,55.0,A,T,C,2026-2027
56c57e88-3b00-5e00-b693-5a2c5fea47cc,Joseph Liteta,Cagliari,MID,1,,,,,5.75,4,2026-2027,20,38.0,50.0,15.0,C,C,C,2026-2027
1970e9a4-dc07-598b-b420-f173c196ac6b,Adrian Lahdo,Como,MID,1,,,,,,,2026-2027,19,48.0,65.0,45.0,C,T,C,2026-2027
ca8a5638-7e8e-543b-9afe-93d7293330ec,Anouar El Azzouzi,Frosinone,MID,1,,,,,,,2026-2027,25,55.0,62.0,50.0,C,C,C,2026-2027
860c2824-2b89-51a9-810b-aa73b6c7bbf9,Ben Lhassine Kone,Frosinone,MID,3,,,,,,,2026-2027,26,47.0,55.0,35.0,C,C,C,2026-2027
7e65a324-f83a-5133-bb2c-9c26900ce2ed,Adrian Przyborek,Lazio,MID,1,,,,3.71,,,2026-2027,19,40.0,55.0,15.0,C,T,C,2026-2027
e72fc633-5ab6-50ab-acf3-e46af57bbe9b,Mohamed Kaba,Lecce,MID,2,,,,,5.77,11,2026-2027,25,54.0,60.0,50.0,C,C,C,2026-2027
83916522-1480-56c2-a71e-a003b5056465,Sadik Fofana,Lecce,MID,2,,,,3.18,5.5,2,2026-2027,23,43.0,57.0,20.0,C,C,C,2026-2027
b3f87ee8-0fcf-530e-8deb-ddc6dedeffb3,Edoardo Iannoni,Sassuolo,MID,2,,,,,6.0,5,2026-2027,,,,,,,,
c527651f-1f42-5fa6-8d79-cd9310b5dc92,Ivan Ilic,Lecce,MID,4,,1.62,,19.08,6.0,8,2026-2027,25,62.0,68.0,75.0,C,C,C,2026-2027
54cbfea6-7656-5016-81f6-feb46661cb91,Tino Anjorin,Torino,MID,4,,0.9,,5.3,5.77,9,2026-2027,25,58.0,61.0,60.0,C,C,C,2026-2027
07f3cf62-d992-58f5-b991-bd6d1f661929,Abdoulaye Camara,Udinese,MID,1,,,,,,,2026-2027,,,,,,,,
a629a3c3-bee9-5b09-929f-779b7ba66a6c,Bjarki Bjarkason,Venezia,MID,1,,,,,,,2026-2027,,,,,,,,
8ec24093-ed1d-593e-856f-7fe09c533d16,Matteo Dagasso,Venezia,MID,1,,,,,,,2026-2027,22,48.0,62.0,45.0,C,C,C,2026-2027
ef0f8c7f-84b7-59f6-9b95-b9032b4d3359,Hjalte Laerke,Lecce,FWD,1,,,,,,,2026-2027,19,53.0,61.0,50.0,A,A,C,2026-2027
e595a29e-2a83-5088-b62f-cf51b50fbbbc,Christian Comotto,Milan,MID,5,,,,,,,2026-2027,18,49.0,65.0,40.0,C,C,C,2026-2027
213f66fc-4d86-5c9b-ac1b-ab89bf2edf67,Mathis Mout,Monza,MID,2,,1.56,,,,,2026-2027,19,48.0,59.0,50.0,C,T,C,2026-2027
931a8b55-f1a8-53f1-9d22-24385451ae2b,Riccardo Ciervo,Cagliari,MID,3,,,,,,,2026-2027,24,58.0,62.0,60.0,C,T,C,2026-2027
f19b8af5-15f4-57cd-8555-b44f52925ff6,Sierro,Parma,,,,,,,,,,,,,,,,,
f466e9cf-6c05-5fc1-9791-3fe353f314e6,Donyell Malen,Roma,FWD,61,121.73,151.74,191.34,160.14,6.72,18,2026-2027,27,78.0,81.0,85.0,A,A,A,2026-2027
f454a09a-827f-5e6b-9a00-a78ba92a5d2d,Lautaro Martinez,Inter,FWD,53,115.26,120.85,172.13,147.57,6.41,30,2026-2027,29,84.0,87.0,85.0,A,A,A,2026-2027
b35d3c40-1c2c-5521-b093-31463bbe7020,Marcus Thuram,Inter,FWD,46,74.64,82.19,99.24,87.04,6.43,29,2026-2027,29,75.0,79.0,80.0,A,A,A,2026-2027
22a68c44-7c6f-527a-bd6c-3be0b7cb7b61,Rasmus Hojlund,Napoli,FWD,48,84.56,100.65,137.52,100.25,6.21,33,2026-2027,23,77.0,82.0,80.0,A,A,A,2026-2027
81a19374-3148-5175-9c29-086672da9908,Goncalo Matias Ramos,Milan,FWD,47,89.22,115.03,136.45,118.12,,,2026-2027,25,75.0,78.0,80.0,A,A,A,2026-2027
c9dc905f-0616-5a17-adde-fca48fc6788e,Randal Kolo Muani,Juventus,FWD,43,68.38,84.64,101.4,113.37,,,2026-2027,28,70.0,75.0,75.0,A,A,A,2026-2027
299f04c4-38ee-5e64-a1c6-e3f858e13a9a,Moise Kean,Como,FWD,40,66.69,70.39,86.06,80.29,5.88,26,2026-2027,26,72.0,76.0,75.0,A,A,A,2026-2027
d2053735-6842-516a-ba36-1fe8ac58b1eb,Nick Woltemade,Juventus,FWD,42,54.6,63.48,75.51,87.22,,,2026-2027,24,70.0,79.0,70.0,A,A,A,2026-2027
d26cfe03-037b-521b-bbcd-cd0df8ed4794,Tasos Douvikas,Como,FWD,39,42.85,51.9,59.02,65.15,6.18,36,2026-2027,27,67.0,71.0,70.0,A,A,A,2026-2027
89c46f44-8328-56ca-b724-66235f993858,Kenan Yildiz,Juventus,FWD,35,42.68,49.82,40.34,52.87,6.38,35,2026-2027,21,74.0,80.0,75.0,A,A,A,2026-2027
e8723912-ff5e-5151-a54a-506232a6347c,Gianluca Scamacca,Atalanta,FWD,33,40.98,60.24,65.77,61.18,6.18,22,2026-2027,27,70.0,78.0,75.0,A,A,A,2026-2027
2edb2c83-1d34-5c46-9f6b-2098ffdcdc70,Domenico Berardi,Sassuolo,FWD,32,25.91,47.13,37.85,50.1,6.3,26,2026-2027,32,72.0,77.0,85.0,A,A,A,2026-2027
d37107da-4273-502c-9ae2-9e916d988dc9,Keinan Davis,Udinese,FWD,32,30.8,41.71,50.11,50.79,6.31,30,2026-2027,28,61.0,64.0,70.0,A,A,A,2026-2027
836ba970-bfd8-5008-90eb-bed2cc2c3652,Nikola Krstovic,Atalanta,FWD,31,34.08,35.73,40.22,46.15,6.15,32,2026-2027,26,66.0,71.0,65.0,A,A,A,2026-2027
23868676-9368-53d8-a5f2-76780e5aaa67,Rafael Leao,Milan,FWD,29,30.82,,,31.5,5.87,28,2026-2027,,,,,,,,
2fa1c2fe-4b91-53a7-92dd-26ae1338a887,Charles De Ketelaere,Atalanta,FWD,28,29.76,33.34,36.45,43.43,6.2,31,2026-2027,25,74.0,77.0,80.0,A,T,A,2026-2027
01040a65-ae6c-59f4-a322-dbd4fd41c522,Francesco Pio Esposito Fp,Inter,,,,,,,,,,21,63.0,75.0,60.0,A,A,A,2026-2027
39fa1860-e14a-5061-87ae-3ce6ce54d0d9,Paulo Dybala,Roma,FWD,31,44.01,60.86,57.02,67.84,6.26,21,2026-2027,33,70.0,78.0,70.0,A,A,A,2026-2027
48bae933-7437-5e06-b658-9a2a6886ea7c,Artem Dovbyk,Bologna,FWD,23,25.38,30.13,28.22,35.32,6.0,13,2026-2027,29,69.0,74.0,75.0,A,A,A,2026-2027
77d890b6-14b8-52af-bfae-47f76182d5f6,Armand Lauriente,Sassuolo,FWD,27,24.21,25.25,24.63,29.68,6.22,37,2026-2027,28,71.0,76.0,80.0,A,A,A,2026-2027
1e8801f9-fee9-5567-bda0-f11580e8f01d,Giacomo Raspadori,Atalanta,FWD,25,28.09,29.46,29.45,33.25,6.11,13,2026-2027,26,62.0,72.0,70.0,A,A,A,2026-2027
5887864b-eaed-5647-84b4-3ad17bcb7bc0,Alisson Santos,Napoli,FWD,14,17.87,31.3,16.55,25.81,6.34,13,2026-2027,24,69.0,74.0,75.0,A,T,A,2026-2027
9b3f6734-5348-58c7-bbf1-3307cc074142,Mateo Pellegrino,Fiorentina,FWD,14,17.65,21.34,24.47,29.19,5.98,37,2026-2027,25,65.0,70.0,70.0,A,A,A,2026-2027
c0a2f1df-991b-5dc2-97af-15c7dcceced0,Santiago Castro,Roma,FWD,27,29.52,35.69,25.83,36.21,5.92,35,2026-2027,22,64.0,75.0,60.0,A,A,A,2026-2027
b1de4b88-9c06-5d65-9f43-36cf9f64796a,Giovanni Simeone,Torino,FWD,28,31.65,40.75,31.35,41.18,6.07,32,2026-2027,31,65.0,70.0,75.0,A,A,A,2026-2027
1409bf4c-1729-58da-a276-500de0f74e68,Beto,Fiorentina,FWD,21,47.62,56.65,49.08,57.26,,,2026-2027,28,67.0,72.0,70.0,A,A,A,2026-2027
3d9ff417-292c-537a-b066-889c98345b52,Christopher Nkunku,Milan,FWD,23,36.46,43.03,40.42,55.85,5.94,26,2026-2027,,,,,,,,
c5993b2d-67ac-5d81-be4f-c90b252ecc7f,Matias Soule,Roma,FWD,25,24.23,30.1,24.6,32.09,6.12,32,2026-2027,23,66.0,73.0,65.0,A,T,A,2026-2027
dd9e3dee-a9dd-535a-9194-14d55cb9940c,Sebastiano Esposito,Sassuolo,FWD,22,24.08,29.41,23.82,29.72,6.26,36,2026-2027,24,65.0,72.0,80.0,A,A,A,2026-2027
33558ee0-d5dd-5459-930a-a6000a32c73b,Assane Diao,Como,FWD,22,20.76,29.22,21.5,28.22,6.0,16,2026-2027,21,66.0,74.0,70.0,A,T,A,2026-2027
7e061269-465c-5180-83d1-afb880cfccab,Andrea Pinamonti,Lazio,FWD,26,27.88,30.74,28.64,32.71,5.88,34,2026-2027,27,63.0,69.0,70.0,A,A,A,2026-2027
9c64eb3e-04e5-5d4c-96a0-4e40d3ba67b2,Omoruyi Benjamin Kevin Carlos,Cagliari,FWD,14,15.97,16.12,14.65,18.09,,,2026-2027,25,60.0,64.0,70.0,A,A,A,2026-2027
7a9afde9-80e2-5c9f-b32e-aab9f9214fc1,Lorenzo Colombo,Genoa,FWD,20,19.26,23.21,23.07,27.58,5.91,37,2026-2027,24,64.0,68.0,80.0,A,A,A,2026-2027
00ed29a2-be58-5f34-b6ca-4ea5663473d1,Akor Jerome Adams,Venezia,FWD,14,16.24,17.4,14.51,18.06,,,2026-2027,26,64.0,69.0,75.0,A,A,A,2026-2027
b9f77188-dc57-5d1e-be94-b1e2b3dd80d2,Boulaye Dia,Lazio,FWD,14,15.01,17.5,14.66,18.77,5.68,25,2026-2027,,,,,,,,
00053192-f134-5a6f-b01d-908d6371ffc4,Romelu Lukaku,Napoli,FWD,19,31.48,41.08,30.17,44.67,7.0,1,2026-2027,,,,,,,,
4d1ddfbc-131f-5fb8-8219-36fa97eb7f5d,Che Adams,Torino,FWD,18,18.88,23.25,18.3,24.36,5.98,32,2026-2027,30,63.0,67.0,65.0,A,A,A,2026-2027
08919d7b-5d16-5343-9aca-d65d0ce9b2c1,El Bilal Toure,Parma,FWD,5,6.3,6.69,3.96,10.43,,,2026-2027,25,64.0,74.0,70.0,A,A,A,2026-2027
0391cca0-e2b6-5a8a-9e15-10426bcd7f44,José David Romero,Parma,FWD,13,16.55,20.53,15.18,18.1,,,2026-2027,23,60.0,66.0,65.0,A,A,A,2026-2027
3f6abb70-deb4-5320-995d-00ce9d1c3ef3,Antonio Raimondo,Frosinone,FWD,17,21.52,25.61,18.0,22.87,,,2026-2027,22,60.0,65.0,70.0,A,A,A,2026-2027
bd15256e-8bea-5da6-8e3c-b70e5d5c8fc2,Petar Ratkov,Lazio,FWD,14,,,,16.13,5.66,6,2026-2027,,,,,,,,
09650e8e-340b-52be-ad4d-7a7dd337b681,Patrick Cutrone,Monza,FWD,15,15.36,16.31,17.68,20.43,5.71,14,2026-2027,28,61.0,63.0,75.0,A,A,A,2026-2027
6132a17a-ed7a-58f4-ad31-9eaf2b0f9e7c,Kieron Bowie,Sassuolo,FWD,16,16.39,17.88,14.67,18.1,5.96,14,2026-2027,24,62.0,72.0,60.0,A,A,A,2026-2027
cb308558-85ac-5cec-bcc8-5e577926e85b,John Yeboah,Venezia,FWD,16,17.16,17.51,16.01,20.12,,,2026-2027,26,60.0,64.0,70.0,A,A,A,2026-2027
4ac09863-8fe3-51ef-bd80-c195cc305386,Tomáš Bobcek,Frosinone,FWD,12,,16.28,,13.99,,,2026-2027,25,59.0,67.0,70.0,A,A,A,2026-2027
0f69abb8-40c4-5f3c-a253-09320777fdd9,Thijs Dallinga,Bologna,FWD,13,14.58,17.22,13.47,18.13,5.81,19,2026-2027,,,,,,,,
05d8bed9-6b5e-5a8a-8a08-23f29e3f826b,Roberto Piccoli,Bologna,FWD,16,17.2,18.14,15.75,24.2,5.77,27,2026-2027,25,63.0,69.0,65.0,A,A,A,2026-2027
fbb865ab-30fa-55b3-a35a-08ef1c84df8b,Fares Ghedjemis,Frosinone,FWD,13,14.17,17.4,13.21,16.53,,,2026-2027,24,61.0,65.0,70.0,A,T,A,2026-2027
808c7ba9-a34d-5a2a-8705-d1790caff7af,Vitinha O.,Genoa,FWD,16,20.78,24.96,16.33,19.66,5.95,31,2026-2027,26,62.0,69.0,70.0,A,A,A,2026-2027
569ce61a-7cc1-5e7e-893d-9e5306996939,Jonathan David,Juventus,FWD,17,19.03,,,,5.76,30,2026-2027,,,,,,,,
3619e2c5-3778-5cb8-bfc5-3594acf3f519,Willem Geubbels,Lecce,FWD,13,13.8,15.2,16.69,18.7,,,2026-2027,25,62.0,68.0,75.0,A,A,A,2026-2027
7074a0de-6120-5004-a34d-d45cc5f05a75,Milutin Osmajic,Genoa,FWD,9,,1.02,3.86,4.68,,,2026-2027,27,56.0,60.0,55.0,A,A,A,2026-2027
16acde62-5fb6-5481-93d8-884e7a571a8f,Ange-Yoan Bonny,Inter,FWD,15,16.44,18.09,16.06,22.77,6.14,27,2026-2027,23,61.0,69.0,60.0,A,A,A,2026-2027
1a7369fe-0fff-5f73-ac73-8d4a852ae526,Jeremie Boga,Juventus,FWD,13,14.6,17.98,13.7,19.55,6.19,13,2026-2027,29,62.0,71.0,60.0,A,T,A,2026-2027
7872a629-1ccf-57ca-a090-583be1e7cc33,Gustavo Miguel Pereira De Sousa Varela,Monza,FWD,11,13.17,13.86,12.72,16.1,,,2026-2027,21,57.0,62.0,60.0,A,A,A,2026-2027
78ccda9e-4888-5441-b417-0091dff52d71,Albion Rrahmani,Venezia,FWD,11,,13.21,,10.88,,,2026-2027,26,60.0,69.0,65.0,A,A,A,2026-2027
b04cb7d8-a6be-55ae-8644-15435456eae4,Degnand Wilfried Gnonto,Fiorentina,FWD,10,,15.55,,12.72,,,2026-2027,23,61.0,66.0,60.0,A,T,A,2026-2027
000b6b8b-18fe-5e6d-b11e-4708982147f1,Kamaldeen Sulemana,Atalanta,FWD,12,,12.2,,,6.0,21,2026-2027,24,63.0,71.0,60.0,A,T,A,2026-2027
5c0d52a2-40f7-5bfe-9e90-d4ced47fbf1a,Kingstone Mutandwa,Cagliari,FWD,7,,,,,,,2026-2027,,,,,,,,
0415ec53-0228-5ff7-8a2d-7f13a387e719,Giorgi Kvernadze,Frosinone,FWD,11,12.09,12.5,11.28,14.18,,,2026-2027,23,57.0,61.0,60.0,A,T,A,2026-2027
a16f1e6f-e094-54f3-9b4b-692596f4301b,Tijjani Noslin,Lazio,FWD,12,,12.79,,13.17,6.02,23,2026-2027,27,61.0,65.0,65.0,A,A,A,2026-2027
23845d31-45b1-5656-892d-34d4f50aa44c,Nikola Stulic,Lecce,FWD,15,17.64,21.67,15.41,19.28,5.73,30,2026-2027,25,61.0,67.0,70.0,A,A,A,2026-2027
8c9fce84-44b9-5f34-9bb3-5da91df0135b,Santiago Gimenez,Milan,FWD,11,36.15,42.73,27.01,39.8,5.5,15,2026-2027,,,,,,,,
084deed7-c910-5654-998a-bd7ccd10ca8c,David Campos Neres,Napoli,FWD,13,14.1,16.97,15.68,19.09,6.18,16,2026-2027,29,65.0,72.0,65.0,A,T,A,2026-2027
ccaaeeb9-80c7-5403-8dd5-d35815cc09af,Duvan Zapata,Torino,FWD,15,16.56,17.41,15.48,19.75,5.82,23,2026-2027,35,60.0,66.0,55.0,A,A,A,2026-2027
bc0e4431-8d9a-573f-bbf4-0ae7b1d27c3e,Exequiel Zeballos,Monza,FWD,8,1.08,10.9,,1.41,,,2026-2027,24,59.0,68.0,70.0,A,T,A,2026-2027
de99400b-1797-5965-be46-baac563cc4b1,Daniel Maldini,Cagliari,FWD,10,11.32,12.79,10.32,13.75,5.94,18,2026-2027,25,63.0,67.0,70.0,A,T,A,2026-2027
3727b481-6a24-51ca-a1c4-b2d0e9c9abda,Daniel Birligea,Frosinone,FWD,8,,,,,,,2026-2027,26,56.0,62.0,60.0,A,A,A,2026-2027
e7040afb-d689-50a8-92ff-2ae72b629015,Cyril Ngonge,Monza,FWD,7,,3.26,,1.01,5.82,17,2026-2027,26,59.0,65.0,60.0,A,A,A,2026-2027
b0bddb5b-2a05-566c-a8b1-86608f0afa85,Gennaro Borrelli,Cagliari,FWD,9,,,,5.65,5.92,26,2026-2027,26,57.0,61.0,50.0,A,A,A,2026-2027
e6667788-015e-5da4-9fa7-c38ef986b839,Paul Mendy,Cagliari,FWD,5,2.88,3.21,3.25,3.9,6.0,5,2026-2027,19,57.0,65.0,60.0,A,A,A,2026-2027
23559295-7b0e-5905-92fb-9ca3db68d2fb,Alvaro Morata,Como,FWD,9,19.11,27.1,22.45,31.93,5.5,17,2026-2027,,,,,,,,
9eaa7fe4-8524-572e-8687-dd441911a31b,Elias Havel,Genoa,FWD,9,,1.11,,,,,2026-2027,23,54.0,63.0,50.0,A,A,A,2026-2027
8f590144-12f5-5985-a0a9-724ac1279e7b,Konan N’Dri,Lecce,FWD,6,,1.76,,1.06,5.82,17,2026-2027,26,57.0,61.0,60.0,A,T,A,2026-2027
8fe789a7-9ec7-53c9-a268-1ee56504b50c,Francesco Camarda,Milan,FWD,8,1.53,3.13,5.26,4.98,5.66,18,2026-2027,18,58.0,69.0,55.0,A,A,A,2026-2027
ceeae955-5996-54af-a29c-7aba82fd02dc,Mota,Monza,,,,,,,,,,,,,,,,,
991c3d92-7669-5658-990f-ee35a3a48fae,Santana do Nascimento Giovane,Napoli,FWD,10,,10.62,,,6.0,31,2026-2027,23,55.0,63.0,45.0,A,A,A,2026-2027
83273265-d0f1-56e2-80a2-d06f7cccca93,Noa Lang,Napoli,FWD,7,0.96,3.14,,3.34,6.03,14,2026-2027,27,60.0,69.0,50.0,A,A,A,2026-2027
f88984eb-9743-55b4-a30a-99a44ae8b03f,Lorenzo Lucca,Napoli,FWD,9,2.69,3.33,2.17,13.12,5.72,9,2026-2027,26,60.0,69.0,60.0,A,A,A,2026-2027
8c083867-90ea-5a34-bec6-84d030d3c4e4,Matija Frigan,Parma,FWD,8,,1.12,,,,,2026-2027,23,61.0,68.0,65.0,A,A,A,2026-2027
e079ba02-5b02-587f-a348-5a3e29c968ed,Sandro Kulenovic,Torino,FWD,8,,,,3.53,5.71,7,2026-2027,27,54.0,62.0,45.0,A,A,A,2026-2027
88a2b16e-6592-5751-adef-c470d8c20207,Idrissa Gueye,Udinese,FWD,7,,3.03,,9.62,5.75,12,2026-2027,20,61.0,66.0,65.0,A,A,A,2026-2027
85640051-d17a-58c9-bea1-074bab51196a,Andrea Adorante,Venezia,FWD,10,,11.3,,16.34,,,2026-2027,26,57.0,60.0,55.0,A,A,A,2026-2027
4254f1b2-dc71-56e3-9a47-3fa003ecf2da,Jay Robinson,Monza,FWD,9,,2.82,,4.59,,,2026-2027,19,60.0,67.0,65.0,A,T,A,2026-2027
79376bd2-bd82-5161-9e75-7407af4b54a1,Arek Milik,Juventus,FWD,4,,5.09,,1.76,6.0,2,2026-2027,32,57.0,64.0,50.0,A,A,A,2026-2027
71e2e55f-d8b3-505d-8551-a2b20c327f75,Amar Abdirahman Fatah,Lecce,FWD,5,,,,,,,2026-2027,22,55.0,60.0,50.0,A,T,A,2026-2027
56d2bff4-c53d-58f9-8cfd-6fb52a9c4b43,M'Bala Nzola,Cagliari,FWD,9,,4.48,,11.44,5.96,27,2026-2027,30,60.0,64.0,60.0,A,A,A,2026-2027
cbf86a70-2433-5e47-96f0-02ad7881ddd1,Nicolas Kuhn,Como,FWD,7,18.91,18.97,,20.58,5.96,14,2026-2027,,,,,,,,
55a3e5df-1d76-5516-a76f-d10496475bd6,Jeff Ekhator,Juventus,FWD,7,,1.3,,,5.96,25,2026-2027,20,56.0,67.0,55.0,A,A,A,2026-2027
335bbe12-ef2d-512f-b9c9-cb853373a98d,Nesta Elphege,Parma,FWD,6,,1.5,,3.5,6.0,8,2026-2027,25,56.0,63.0,50.0,A,A,A,2026-2027
87899dab-bc8e-52cc-9a48-5f3ecbb62cdb,Simone Lontani,Parma,FWD,5,3.14,3.76,3.94,4.4,,,2026-2027,18,54.0,67.0,55.0,A,A,A,2026-2027
8eb6d26b-a859-5c47-868e-a06f6ae2bebb,Andrea Petagna,Monza,FWD,6,,,,,,,2026-2027,,,,,,,,
7b4a2266-e3cc-585e-b0d1-eb03f2e3f455,Adam Buksa,Udinese,FWD,5,,,,16.96,5.88,21,2026-2027,,,,,,,,
70052f8e-cf18-5734-87b5-6189a6f3208b,Enem,Bologna,,,,,,,,,,,,,,,,,
830ebe7e-0bcd-558e-9ddb-43be0039e2df,Agustin Albarracin,Cagliari,FWD,2,,,,,6.0,2,2026-2027,,,,,,,,
9d821e0d-31bb-5f2a-893c-eb8250d4e45a,Yael Trepy,Cagliari,FWD,1,,1.08,,0.53,6.12,4,2026-2027,20,50.0,65.0,30.0,A,A,A,2026-2027
495c02a9-ae8a-51cc-b38a-f7588f217edb,Ivan Azon,Como,FWD,2,,,,,,,2026-2027,,,,,,,,
a8e86f88-e92a-5983-88bf-1b34dcf6f58f,Vaz,Roma,,,,,,,,,,,,,,,,,
9d9acd11-6039-5a5b-928f-bf76b5610ee1,Luca Moro,Sassuolo,FWD,3,,,,,5.58,6,2026-2027,,,,,,,,
c3f448e0-770a-5374-85d3-1ef70d758276,Vakoun Bayo,Udinese,FWD,3,,1.9,,1.7,5.75,12,2026-2027,29,53.0,60.0,50.0,A,A,A,2026-2027
4a8d01b6-6fc7-5342-a39b-a0880bda3734,Kornel Lisman,Venezia,FWD,2,,,,,,,2026-2027,20,43.0,54.0,30.0,A,T,A,2026-2027
15b9d873-c61e-5df2-b7e2-bccc7fb74c10,Lion Lauberbach,Venezia,FWD,1,,,,,,,2026-2027,28,45.0,59.0,25.0,A,A,A,2026-2027
75e9282c-f176-55c5-b3d9-27687590609a,De Martis,Parma,FWD,1,,,,,,,2026-2027,18,42.0,58.0,10.0,A,A,A,2026-2027
20e867ac-ac90-5717-9671-3c5c2e7b8d3b,Robinho Junior,Genoa,,,,,,,,,,,,,,,,,
ea3e7543-454f-5ab8-a509-3d79a8742f85,Rodrigo Mora Carvalho,Roma,FWD,26,32.95,39.06,47.58,47.73,,,2026-2027,19,65.0,76.0,70.0,A,T,C,2026-2027
672a0f79-4070-5fbb-a5af-d1dc9d17d3f1,Diego Manuel Jadon Da Silva Moreira,Milan,MID,18,18.06,21.63,20.78,31.26,,,2026-2027,22,69.0,76.0,70.0,C,T,C,2026-2027
26c86170-8a1b-52a8-9de9-21e8628e432d,Lameck Banda,Estero,FWD,15,,22.68,18.29,26.17,6.07,32,2026-2027,,,,,,,,
7df6d3f6-6079-5d8b-86f9-f6d26e3b93bb,Nuno Tavares,Lazio,DEF,10,14.84,17.63,16.1,17.78,5.9,22,2026-2027,26,64.0,69.0,50.0,D,D,D,2026-2027
1cde111e-a752-5507-a44c-2a0d4e74d895,Dany Mota,Monza,FWD,9,,1.58,,6.09,,,2026-2027,28,62.0,67.0,65.0,A,A,A,2026-2027
d7241667-8667-5422-9916-a19e3b8d76c9,Francesco Gallea Beidi,Cagliari,DEF,8,,,,,,,2026-2027,21,36.0,52.0,30.0,D,D,D,2026-2027
67ae486d-b125-576c-924d-15e8b6cbd0df,Walid Cheddira,Serie Minori,FWD,8,,19.42,17.14,31.13,5.81,24,2026-2027,,,,,,,,
533beb16-1b7d-5ffb-8088-4da2a442da55,Martin Payero,Estero,MID,8,,12.66,,5.3,5.9,25,2026-2027,,,,,,,,
3a49479f-c119-5d7c-9ffc-30e057cb9dfe,Warren Bondo,Milan,MID,7,,12.66,,15.9,5.85,27,2026-2027,23,56.0,66.0,50.0,C,C,-,2026-2027
8f99fac8-78a8-5cc3-bd37-67629f690a94,Vanja Milinkovic,Napoli,GK,7,6.26,6.67,2.52,7.29,6.2,27,2026-2027,29,60.0,66.0,55.0,P,P,P,2026-2027
b6a1b286-2880-5d9f-83d6-57c3229c6e8a,Riccardo Sottil,Fiorentina,FWD,7,13.67,16.88,14.08,17.97,6.02,21,2026-2027,27,55.0,60.0,45.0,A,T,-,2026-2027
e53a7314-4f77-5b44-bd03-7d90e838fe65,Agustin Alvarez,Estero,FWD,6,,,,,,,2026-2027,,,,,,,,
78975e7c-a777-5e0a-b7cb-c92c9c245718,Kristjan Asllani,Estero,MID,6,,,,1.06,5.57,14,2026-2027,,,,,,,,
ed93c5b9-9457-5288-a362-06883a8aa9d8,Keita Balde,Monza,FWD,6,,,,,,,2026-2027,31,54.0,62.0,40.0,A,A,-,2026-2027
5092a928-da94-5977-a494-7bad0695d85a,Juan Jesus,Venezia,DEF,6,,1.94,,,5.85,21,2026-2027,35,60.0,60.0,65.0,D,D,D,2026-2027
5397f490-aad7-5707-828c-902f40e48735,Sandi Lovric,Udinese,MID,6,11.36,13.83,12.49,14.77,5.75,10,2026-2027,28,58.0,64.0,55.0,C,C,-,2026-2027
68df6c49-2630-538c-b703-9812ac51689d,Luca Mazzitelli,Como,MID,6,15.25,15.86,,6.87,6.07,14,2026-2027,31,58.0,63.0,55.0,C,C,-,2026-2027
92c7762a-e3b1-5514-91f6-b87ad4c9c543,Ismael Bennacer,Estero,MID,5,,,,,,,2026-2027,,,,,,,,
5ecb81e1-6d91-55c4-a049-67a2ded73cd3,Alberto Dossena,Como,DEF,5,4.31,5.13,,2.38,5.81,11,2026-2027,28,56.0,61.0,50.0,D,D,-,2026-2027
9cff144f-4bf0-5652-b36f-b1517fb858fd,Jesper Karlsson,Bologna,FWD,5,,,,,,,2026-2027,28,57.0,67.0,50.0,A,A,-,2026-2027
f56412ab-61ed-5d74-92e5-72d8f8c133a9,Stefan Posch,Estero,DEF,5,,,,,6.06,8,2026-2027,,,,,,,,
c3e2cd77-8320-5f95-b029-bbb066be37c9,Anass Salah-Eddine,Roma,MID,5,,,,,,,2026-2027,24,59.0,66.0,55.0,C,C,-,2026-2027
cf520d9f-f924-59b2-9bc9-5eefe44220e0,Jordan Zemura,Estero,MID,5,1.61,1.8,,2.12,5.86,15,2026-2027,,,,,,,,
6bd2f5a0-2b6d-5231-a624-10a146714ebb,Botond Balogh,Estero,DEF,4,,,,,,,2026-2027,,,,,,,,
b8193c06-4244-5f01-9308-50c86cd6e122,Robson De Souza Júnior,Genoa,FWD,4,,,,,,,2026-2027,19,52.0,65.0,45.0,A,T,A,2026-2027
b24f1882-9140-58a3-a60b-a6ef9ba66dcb,Nicolas Valentini,Estero,DEF,4,,1.17,,0.53,5.78,19,2026-2027,,,,,,,,
d64437fe-1e40-51e8-ac22-5454a22fdbce,Giorgio Altare,Serie Minori,DEF,3,,,,,,,2026-2027,,,,,,,,
edb1cb7b-6452-5a1e-8e40-7bba89406e00,Adrian Benedyczak,Estero,FWD,3,,,,,5.95,10,2026-2027,,,,,,,,
2da353b1-cdbc-5f59-ae38-710700eabecb,Emil Bohinen,Serie Minori,MID,3,,,,,,,2026-2027,,,,,,,,
4932027f-5700-5c6d-a847-3c36f2e1d468,Arvid Brorsson,Estero,DEF,3,,,,,,,2026-2027,,,,,,,,
02ed4aba-3664-5886-a974-cc8b7f73de62,Andrés Cuenca Cejudo,Estero,DEF,3,,,,,,,2026-2027,,,,,,,,
0707798d-5aa3-5b26-99a5-2b2e98f22697,Andrea Ghion,Sassuolo,MID,3,,,,,,,2026-2027,26,53.0,59.0,45.0,C,C,-,2026-2027
0984a762-1734-5981-8832-48ed62a39efc,Samuel Gigot,Lazio,DEF,3,,,,6.52,,,2026-2027,33,60.0,64.0,60.0,D,D,-,2026-2027
51b36eb0-4f3f-5958-be6c-2b43c1148732,Samuele Mulattieri,Serie Minori,FWD,3,,,,,,,2026-2027,,,,,,,,
b1e62e0a-c059-5c21-ba87-cab030e0a692,Peter Amoran,Estero,DEF,2,,,,,,,2026-2027,,,,,,,,
34ffa5d9-8b6b-50fc-be2c-011522a9ecad,Mitchel Bakker,Atalanta,MID,2,,,,,,,2026-2027,26,54.0,62.0,40.0,C,C,-,2026-2027
3c4ae455-8d8b-5147-bc78-08a9cc2854b0,Giovanni Bonfanti,Estero,DEF,2,,,,,5.61,9,2026-2027,,,,,,,,
f0eabf57-3856-56cc-877f-da480178cf35,Matthias Braunoder,Serie Minori,MID,2,,,,,,,2026-2027,,,,,,,,
a9ac1062-980d-5f22-ba23-3bffde6b3b65,Rares Burnete,Serie Minori,FWD,2,,,,,,,2026-2027,,,,,,,,
3bad001c-b443-5a31-8236-5881e1d83270,Antonio Casas,Estero,FWD,2,,,,,,,2026-2027,,,,,,,,
784abf02-9373-5af2-8cb9-28b8dd4d4970,Luca D'Andrea,Serie Minori,FWD,2,,,,,,,2026-2027,,,,,,,,
a6b6c75c-720d-5e97-b6cb-b0e1888ddac7,Nicolas Galazzi,Serie Minori,MID,2,,,,,,,2026-2027,,,,,,,,
8e7e7a97-7cba-516a-9057-c5e5b2fd8c3f,Filippo Grosso,Serie Minori,FWD,2,,,,,,,2026-2027,,,,,,,,
5fd4eb86-7854-5f42-896a-de61c18e777d,Miloš Jovic,Estero,FWD,2,,,,,,,2026-2027,,,,,,,,
a48819f2-8348-585d-9cf1-7b097114f807,Owen Kouassi,Estero,DEF,2,,,,,5.5,4,2026-2027,,,,,,,,
a68bf0e8-5f0b-584c-b294-0909f2e3af93,Andrea Luongo,Torino,MID,2,,,,,,,2026-2027,18,48.0,62.0,45.0,C,T,-,2026-2027
f4d80734-a872-536f-9943-b81a0275a4a7,Alvin Obinna Okoro,Serie Minori,FWD,2,,,,,,,2026-2027,,,,,,,,
23e63c8a-f936-5fab-bfc3-e40bf123d4ef,Nicholas Pierini,Sassuolo,FWD,2,,,,,6.0,4,2026-2027,28,53.0,60.0,50.0,A,A,-,2026-2027
ce74bda7-5ca3-5c18-af67-1ff0c0d2f372,Jonas Rouhi,Serie Minori,MID,2,,,,,,,2026-2027,,,,,,,,
ae9606ac-f9f8-549b-bea9-37cdf3393bac,Muati Rui Modesto,Estero,MID,2,,,,,5.75,2,2026-2027,,,,,,,,
782fcaa1-41fa-5bfb-b1fa-abbf4c2c29ef,Laurs Skjellerup,Sassuolo,FWD,2,,,,,,,2026-2027,24,47.0,59.0,25.0,A,A,-,2026-2027
4ea0adbe-e566-53a0-a94f-354442550912,Davide Veroli,Serie Minori,DEF,2,,,,,,,2026-2027,,,,,,,,
efd475e3-a8ed-5edc-8ede-2392d62d82cc,Mateusz Wieteska,Estero,DEF,2,,,,,,,2026-2027,,,,,,,,
e88cdb6a-a3bb-501b-a127-52068bc215ac,Vernon Addo,Lecce,DEF,1,,,,,,,2026-2027,21,39.0,53.0,10.0,D,D,-,2026-2027
a5cda3d1-eb0f-5f2e-808d-7b2a0b72b3cc,Demi Akarakiri,Cagliari,MID,1,,,,,,,2026-2027,18,39.0,54.0,10.0,C,C,-,2026-2027
f766ac25-2e97-5ad2-84fd-b00aae339d8e,Giuseppe Ambrosino,Serie Minori,FWD,1,,,,,5.75,2,2026-2027,,,,,,,,
58fde5a7-666c-5346-987a-63f8999923f7,Emil Audero,Estero,GK,1,15.83,16.43,13.09,23.29,6.2,34,2026-2027,,,,,,,,
f7ed9c2d-5924-56ea-8847-6854ce97aa1f,Alexandru Borbei,Lecce,GK,1,,,,,,,2026-2027,23,15.0,39.0,10.0,P,P,-,2026-2027
c61f6ffa-d014-54ca-9cc0-6d6730f5eece,Riccardo Braschi,Estero,FWD,1,,,,,,,2026-2027,,,,,,,,
6cbb2b40-1e33-5c23-a9a3-dd99525043c5,Nicolo Cavuoti,Serie Minori,MID,1,,,,,,,2026-2027,,,,,,,,
4f449cfb-fb7c-5598-aa5f-532b06c2334e,Luigi Cherubini,Serie Minori,FWD,1,,,,,,,2026-2027,,,,,,,,
e1f99838-2ef4-5101-993f-15dcbd6262a1,Muhammed Colley,Serie Minori,FWD,1,,,,,,,2026-2027,,,,,,,,
5f403ba1-3c9f-57cb-92da-06c1c2c252a2,Valerio Farcomeni,Lazio,MID,1,,,,,,,2026-2027,20,40.0,56.0,15.0,C,C,-,2026-2027
ab41fb4e-7602-547b-8fce-646402d7e2e3,Alessio Furlanetto,Lazio,GK,1,4.26,3.79,1.06,1.29,6.5,2,2026-2027,24,19.0,45.0,15.0,P,P,-,2026-2027
24c28ced-b3ad-5161-a254-086bd152f4a8,Alessandro Gabrielloni,Serie Minori,FWD,1,,,,,,,2026-2027,,,,,,,,
34761d5b-8c32-5028-9a8d-437d962ff001,Bruno Galassi,Lazio,MID,1,,,,,,,2026-2027,19,35.0,53.0,10.0,C,C,-,2026-2027
76e82716-2cc1-54ad-907e-98ec7b3203f7,Franco Israel,Torino,GK,1,1.74,13.9,4.99,8.52,5.88,9,2026-2027,26,43.0,60.0,15.0,P,P,-,2026-2027
d1a67bcd-eca3-5ff3-a078-8c995af9286e,Abdou-Salam Konate,Parma,MID,1,,,,,,,2026-2027,20,39.0,55.0,30.0,C,C,C,2026-2027
87f381a5-cdd7-5476-ae9b-cc9f3e092311,Eman Kospo,Serie Minori,DEF,1,,,,,,,2026-2027,,,,,,,,
cdc22a01-2e46-507f-a2e0-b30b046d0f9e,Rachid Kouda,Serie Minori,MID,1,,,,,,,2026-2027,,,,,,,,
49c5e95f-3b10-5313-9513-976e40329248,Niko Kovac,Lecce,MID,1,,,,,,,2026-2027,21,40.0,55.0,20.0,C,C,-,2026-2027
68ac23bf-49d1-566b-9ecb-47c0542d966b,Nunzio Lella,Serie Minori,MID,1,,,,,,,2026-2027,,,,,,,,
2d8a341e-495e-5a57-884f-1c3e02501142,Calixte Paul Ligue,Venezia,DEF,1,,,,,,,2026-2027,21,42.0,61.0,15.0,D,D,-,2026-2027
41b3315e-ce23-5580-9a75-9dc6fe5f6e12,Ernestas Lysionok,Serie Minori,GK,1,,,,,,,2026-2027,,,,,,,,
6ab19345-64e6-54f0-bff8-2504fe7048c3,Edoardo Mariani,Serie Minori,MID,1,,,,,,,2026-2027,,,,,,,,
af3cfadb-2b6e-5eb9-a8d2-361b3bc24c5b,David Odogu,Estero,DEF,1,,1.39,,,,,2026-2027,,,,,,,,
73a0af0e-843d-55a5-a622-98bde1c81345,Federico Ravaglia,Estero,GK,1,3.11,2.96,2.35,2.58,6.2,17,2026-2027,,,,,,,,
546e573c-9235-5b94-8ba0-1dea12b2921d,Franck Ahmed Sidibe,Estero,DEF,1,,,,,,,2026-2027,,,,,,,,
f82ac0ed-d528-5b0f-a5e1-e501a93a78f5,Giulio Vinciati,Udinese,FWD,1,,,,,,,2026-2027,19,36.0,54.0,10.0,A,A,-,2026-2027
66f24c6c-0864-568b-81d6-0b2843567219,Samuel Wiafe,Genoa,MID,1,,,,,,,2026-2027,18,42.0,60.0,15.0,C,C,-,2026-2027
a169fdb8-950d-5ce5-96a5-72da571de83d,Gioele Zacchi,Serie Minori,GK,1,,,,,,,2026-2027,,,,,,,,
8e2f0e2b-5a31-5749-9fba-cd645cb725ae,Radoslaw Zelezny,Serie Minori,GK,1,,1.07,0.97,1.2,,,2026-2027,,,,,,,,
7abbd38b-8eb3-57b7-9c7c-a79ec3ad2f06,Francesco Andrealli,Como,MID,0,,,,,,,2026-2027,,,,,,,,
881a5682-44e0-5fd5-a5d1-44e2db42e4a9,Gianluca Astaldi,Serie Minori,GK,0,,,,,,,2026-2027,,,,,,,,
62169600-a610-5064-9525-fc43d83f9fea,Jeffrey Baffoh Nana,Sassuolo,MID,0,,,,,,,2026-2027,,,,,,,,
4683f645-e558-58ea-8b4d-d5acaf7bd733,Elia Barbaro,Bologna,MID,0,,,,,,,2026-2027,,,,,,,,
2a557309-9775-54fa-ad78-407b62f634da,Matteo Barbini,Genoa,DEF,0,,,,,,,2026-2027,,,,,,,,
9b2cb796-1542-5e67-9aa4-4ef07a455fb7,Piergiorgio Bonanno,Fiorentina,MID,0,,,,,,,2026-2027,,,,,,,,
3106131f-1664-547e-8c5f-44d0a5086f2c,Dimitar Bozhidarov Papazov,Bologna,DEF,0,,,,,,,2026-2027,,,,,,,,
165c6824-c671-5d0f-a7d4-9b17bdc6b1fd,Kevin Bruno,Sassuolo,MID,0,,,,,,,2026-2027,,,,,,,,
fa40a53d-dfd4-5f64-927d-664c5607ac3e,Riccardo Cassano,Como,MID,0,,,,,,,2026-2027,,,,,,,,
306bcf07-c17a-57ec-bb98-e0c867948f20,Alessandro Ciardi,Parma,MID,0,,,,,,,2026-2027,,,,,,,,
62adce06-fafe-5cb5-ae09-0d8d3f2f873e,Roberto D'Intino,Parma,DEF,0,,,,,,,2026-2027,,,,,,,,
c6efc5cc-752b-5862-b38c-7327da7dca3f,Lamine Dabo,Venezia,MID,0,,,,,,,2026-2027,22,36.0,52.0,30.0,C,C,-,2026-2027
216383a1-3403-582b-936b-d6cf942b2a46,Mattia Della Rocca,Roma,MID,0,,,,,,,2026-2027,,,,,,,,
1b6ead8b-958b-5c2d-b0c8-e3f9ee7a8d86,Fabio Desole,Torino,DEF,0,,,,,,,2026-2027,,,,,,,,
983af9fd-5b19-5769-90c8-34b1be3e932e,Alessandro Di Bitonto,Sassuolo,DEF,0,,,,,,,2026-2027,,,,,,,,
ab4a3efa-2b13-5244-a1fe-afe60f64225d,Leonardo Di Tommaso,Lazio,MID,0,,,,,,,2026-2027,,,,,,,,
a8a26e3c-7616-5256-96e2-a8e9be276114,RéMamedi Doucou,Genoa,DEF,0,,,,,,,2026-2027,,,,,,,,
b620a435-10f6-5bad-9ff7-34ac34d642d3,Marko Farji,Venezia,MID,0,,,,,,,2026-2027,,,,,,,,
acf4cea8-bec8-5dd5-ac2d-3a33018bc33b,Flavio Ferrari,Bologna,FWD,0,,,,,,,2026-2027,,,,,,,,
a27d863a-3b13-512d-8e3e-5d59d036fafa,Alessandro Fontanarosa,Serie Minori,DEF,0,,,,,,,2026-2027,,,,,,,,
56c8e0ae-b9b5-53db-9f71-519321d0e7f5,Tommaso Gabellini,Torino,FWD,0,,,,,,,2026-2027,,,,,,,,
ddf5142c-d935-5c7a-8050-fbaa5aa31926,Nicola Grandu,Cagliari,MID,0,,,,,,,2026-2027,,,,,,,,
060e4364-3af4-56e9-a269-30a2bb23d8cd,Velizar-Iliya Iliev,Cagliari,GK,0,,,,,,,2026-2027,,,,,,,,
957c07ce-d3a8-5b8c-a803-c10c3565b3e8,Antoine Joujou,Estero,FWD,0,,,,,,,2026-2027,,,,,,,,
76b659d6-3a05-5c9d-b787-411cf40d8d48,Mateusz Kowalski,Parma,FWD,0,,,,,,,2026-2027,,,,,,,,
aa7dac09-d0db-5a89-a606-b30298bf7be7,Kevin Leone,Serie Minori,MID,0,,,,,,,2026-2027,,,,,,,,
a98c6685-b2f3-5d5d-8d21-f4b08ce61043,Francesco Minicangeli,Frosinone,GK,0,,,,,,,2026-2027,,,,,,,,
80d211b2-81c2-5a66-90a0-393ccd8b6932,Amoako Minta,Sassuolo,FWD,0,,,,,,,2026-2027,,,,,,,,
c17f0887-99e7-5952-8600-39dddc6ac39f,Cristo Munoz,Lazio,MID,0,,,,,,,2026-2027,,,,,,,,
55c30efc-753d-5aa6-861b-aea2ff4a24de,Lorenzo Nyarko,Sassuolo,GK,0,,,,,,,2026-2027,,,,,,,,
b74fb229-fdc0-517d-8d59-205636f5438e,David Pejicic,Udinese,FWD,0,,,,,,,2026-2027,19,47.0,59.0,20.0,A,T,-,2026-2027
bcf52f32-cc97-5c78-abb7-5848eaf3ff6c,Gabriele Pessolani,Genoa,FWD,0,,,,,,,2026-2027,,,,,,,,
36a08415-4cbb-5f00-affc-f07d27f9d45a,Samuele Pisati,Como,FWD,0,,,,,,,2026-2027,,,,,,,,
8635ea47-1b11-55c5-bc9b-783106882c69,Elia Plicco,Serie Minori,MID,0,,,,,,,2026-2027,,,,,,,,
4e42f441-ef02-5723-b896-ae1291a351f0,Roberto Scaglione,Genoa,MID,0,,,,,,,2026-2027,,,,,,,,
7f1e568b-7c5c-519f-86d1-cb488f550fac,Mohamed Seck,Serie Minori,DEF,0,,,,,,,2026-2027,,,,,,,,
777a60f4-94e1-50a4-891b-afe8ea50b976,Elia Spicuglia,Genoa,MID,0,,,,,,,2026-2027,,,,,,,,
a73b40bf-7c73-59ba-9aa8-719b14dc291f,David Spinelli,Napoli,GK,0,,,,,,,2026-2027,,,,,,,,
b3127988-7a61-5f76-8176-1f356df6bbac,Jacopo Tarantino,Fiorentina,FWD,0,,,,,,,2026-2027,,,,,,,,
6f39d1d8-fa01-539b-94b9-5327d7354226,Nicolas Trabucchi,Serie Minori,DEF,0,,,,,,,2026-2027,,,,,,,,
f9d37869-0c29-556e-94a1-15bd4ad7c3dc,Marlon Ubani,Lecce,DEF,0,,,,,,,2026-2027,,,,,,,,
38d4a843-22c4-571a-9a0b-35d800878d89,Michael Venturi,Venezia,DEF,0,,,,,,,2026-2027,,,,,,,,
ad52068e-ae31-534d-ae1f-00a28b02ca52,Giorgio Vezzosi,Sassuolo,DEF,0,,,,,,,2026-2027,,,,,,,,
eb41af62-95a2-582f-afaf-e41d1d1afa9f,Enes Yilmaz,Lecce,MID,0,,,,,,,2026-2027,,,,,,,,
