alias_id,team_id,alias_raw,alias_normalized,source_name,canonical_name
c597d868-37aa-5960-b226-5f3c1d5a0a35,f735161e-69bc-5c69-b217-5b2f10e3e504,Atalanta,ATALANTA,fantacalcio-online-csv,Atalanta
5cf64bd4-5033-51d2-8281-250eac359aac,740bb690-b53e-5df2-9f3c-58589f8bcbe2,Bologna,BOLOGNA,fantacalcio-online-csv,Bologna
16c1ae2a-5390-5b76-b667-662cfacd3494,b9b43615-5ac4-534c-b25e-f7740e1ec2b7,Cagliari,CAGLIARI,fantacalcio-online-csv,Cagliari
6c2a3e9f-f968-5cea-a6bf-81b137e411a5,8fca0816-3433-5dd8-861a-1896349018dc,Como,COMO,fantacalcio-online-csv,Como
b120c39d-c714-511a-b3a8-eccd0585352c,48f2d4ca-a077-5e1d-afed-9e90952eb245,Estero,ESTERO,fantacalcio-online-csv,Estero
c9597458-1faa-5f51-944a-e041c9db5483,347e4f27-7775-5e5a-ba32-1f8fe5ca0055,Fiorentina,FIORENTINA,fantacalcio-online-csv,Fiorentina
e0197228-6fd2-55fc-bc1b-04770af0b5f3,191dfcb8-5792-5b4e-8a83-87400b40da98,Frosinone,FROSINONE,fantacalcio-online-csv,Frosinone
ea3d2da7-7556-5fb6-add6-edcffd72edaf,d0656bdb-b09d-5448-bb0d-7968ca0c80ab,Genoa,GENOA,fantacalcio-online-csv,Genoa
bcdf516d-fe07-574d-9a9e-f125e68306b6,fe0e462e-aa67-5c25-8430-b057edb567b2,Inter,INTER,fantacalcio-online-csv,Inter
3d4a74a7-4e33-5bc0-9244-4cdd7a93e2b7,dd0c334e-d69d-55e7-af24-add94fea3cd4,Juventus,JUVENTUS,fantacalcio-online-csv,Juventus
02090ff3-5bea-50b6-b813-f395f74cd470,6a75a23a-b5b3-536f-9dc4-0018a49e7850,Lazio,LAZIO,fantacalcio-online-csv,Lazio
fe5e5544-a1c7-5659-92fd-914fa2e89c5f,61cb3832-4d4c-557a-85e5-835d4007536c,Lecce,LECCE,fantacalcio-online-csv,Lecce
ce52187a-50ce-5fbc-92a0-34f98841b393,de2b8afd-0048-545c-b7bf-b27eb2998809,Milan,MILAN,fantacalcio-online-csv,Milan
5bdef82c-6865-50e0-83c1-cb926df6faf6,f1d047fc-8dc4-5034-8348-ad2ce23ae075,Monza,MONZA,fantacalcio-online-csv,Monza
cf34e5a7-0459-545e-994e-7e91ea2685c2,62deac80-04a4-5a6a-a1c5-3bae896c0c5d,Napoli,NAPOLI,fantacalcio-online-csv,Napoli
065c5ef9-40f4-5120-bfdb-4bf01c20a045,546c46a4-a3cb-5443-afce-b3c4ffd02a72,Parma,PARMA,fantacalcio-online-csv,Parma
0d016a62-82eb-54fa-883c-bbf14e068f2b,0814a12e-c3ad-50f6-865e-7070a5242681,Roma,ROMA,fantacalcio-online-csv,Roma
45f42663-a44e-5791-a1e9-64aab7ba4b82,8691d209-d404-5965-b49a-3199d6f06bd8,Sassuolo,SASSUOLO,fantacalcio-online-csv,Sassuolo
24f08d5c-8c29-56a6-8a4b-81b8ca060cdd,ef8ae935-aa6e-5fc2-b021-6ea3bf6b783f,Serie Minori,SERIEMINORI,fantacalcio-online-csv,Serie Minori
205b46b3-18dd-553d-bd49-fe90ff66bf60,fd045612-0e5a-5ef9-9ffc-360113d4ec9b,Torino,TORINO,fantacalcio-online-csv,Torino
09784587-eb65-59ba-8493-b3b706b37197,9f0ff749-2ab2-5949-8516-c04ce23188f4,Udinese,UDINESE,fantacalcio-online-csv,Udinese
424fb4af-46b8-5b03-ac51-175bea9131ab,8f7aaa64-9717-5e68-a8eb-08eefc308d04,Venezia,VENEZIA,fantacalcio-online-csv,Venezia
51ee7cc5-fea2-530f-972f-3b4083950bd5,f735161e-69bc-5c69-b217-5b2f10e3e504,Atalanta,ATALANTA,fantacalcio-online-excel,Atalanta
74d54741-3a0e-50c2-9264-19ccd3b9a591,740bb690-b53e-5df2-9f3c-58589f8bcbe2,Bologna,BOLOGNA,fantacalcio-online-excel,Bologna
b599d4f6-d8b2-5246-9894-f156573e3c58,b9b43615-5ac4-534c-b25e-f7740e1ec2b7,Cagliari,CAGLIARI,fantacalcio-online-excel,Cagliari
e3311955-6422-54fd-b272-cde9cb401511,8fca0816-3433-5dd8-861a-1896349018dc,Como,COMO,fantacalcio-online-excel,Como
5cdd0c93-e9a5-56d7-8e77-6e51317e1bd7,347e4f27-7775-5e5a-ba32-1f8fe5ca0055,Fiorentina,FIORENTINA,fantacalcio-online-excel,Fiorentina
005bd99f-38c1-576e-9a2d-5c9f6ed5b943,191dfcb8-5792-5b4e-8a83-87400b40da98,Frosinone,FROSINONE,fantacalcio-online-excel,Frosinone
a62d9f24-32f3-5316-a5d0-bb6684ec05b3,d0656bdb-b09d-5448-bb0d-7968ca0c80ab,Genoa,GENOA,fantacalcio-online-excel,Genoa
cd369368-bf0e-543c-8482-f6f729af7681,fe0e462e-aa67-5c25-8430-b057edb567b2,Inter,INTER,fantacalcio-online-excel,Inter
232b17bf-f6dd-5d56-a1c7-8a861dee64b2,dd0c334e-d69d-55e7-af24-add94fea3cd4,Juventus,JUVENTUS,fantacalcio-online-excel,Juventus
32c5018c-1d0d-558e-90e2-e97f300d2186,6a75a23a-b5b3-536f-9dc4-0018a49e7850,Lazio,LAZIO,fantacalcio-online-excel,Lazio
c9b6f880-9bea-5371-9913-ce203be381bf,61cb3832-4d4c-557a-85e5-835d4007536c,Lecce,LECCE,fantacalcio-online-excel,Lecce
6caf52fb-628b-54dd-926f-f054a152f3e1,de2b8afd-0048-545c-b7bf-b27eb2998809,Milan,MILAN,fantacalcio-online-excel,Milan
101bb61f-68b9-526d-b0fb-fda662eddc2c,f1d047fc-8dc4-5034-8348-ad2ce23ae075,Monza,MONZA,fantacalcio-online-excel,Monza
52928816-f6aa-50e2-9e39-958d28a7fff9,62deac80-04a4-5a6a-a1c5-3bae896c0c5d,Napoli,NAPOLI,fantacalcio-online-excel,Napoli
6489fa3e-e404-5ba8-a828-e0c2e46bd5e2,546c46a4-a3cb-5443-afce-b3c4ffd02a72,Parma,PARMA,fantacalcio-online-excel,Parma
3dc7d95b-64fa-5e47-8667-5ed0f53e3a38,0814a12e-c3ad-50f6-865e-7070a5242681,Roma,ROMA,fantacalcio-online-excel,Roma
5e9a57b1-6f5f-5857-bda5-e4c5914272d9,8691d209-d404-5965-b49a-3199d6f06bd8,Sassuolo,SASSUOLO,fantacalcio-online-excel,Sassuolo
984bbb9c-249a-5f9e-8842-73566bcbd168,fd045612-0e5a-5ef9-9ffc-360113d4ec9b,Torino,TORINO,fantacalcio-online-excel,Torino
c0e7dee8-8141-59a2-bcfd-4dfb0eb11045,9f0ff749-2ab2-5949-8516-c04ce23188f4,Udinese,UDINESE,fantacalcio-online-excel,Udinese
303dcb97-7424-559c-8e67-b08cb75ca2c0,8f7aaa64-9717-5e68-a8eb-08eefc308d04,Venezia,VENEZIA,fantacalcio-online-excel,Venezia
ec29ce0c-1166-594e-b3ce-46e799eb97ce,f735161e-69bc-5c69-b217-5b2f10e3e504,Atalanta,ATALANTA,fantacalcio-it-statistiche,Atalanta
767985a3-5520-57b0-92e1-f30f6c50580f,740bb690-b53e-5df2-9f3c-58589f8bcbe2,Bologna,BOLOGNA,fantacalcio-it-statistiche,Bologna
578df93d-958e-553d-acf4-8990f6cd2efb,b9b43615-5ac4-534c-b25e-f7740e1ec2b7,Cagliari,CAGLIARI,fantacalcio-it-statistiche,Cagliari
e6be0e55-8715-54b2-8bab-b1aa27d15afe,8fca0816-3433-5dd8-861a-1896349018dc,Como,COMO,fantacalcio-it-statistiche,Como
cd5c3a71-58b2-5126-93a3-c66f31006607,347e4f27-7775-5e5a-ba32-1f8fe5ca0055,Fiorentina,FIORENTINA,fantacalcio-it-statistiche,Fiorentina
8acc4cf6-e9c6-5ce8-8efd-8ede449ed32f,191dfcb8-5792-5b4e-8a83-87400b40da98,Frosinone,FROSINONE,fantacalcio-it-statistiche,Frosinone
8c71ebc8-459a-5105-bf5c-2259cc19bc9c,d0656bdb-b09d-5448-bb0d-7968ca0c80ab,Genoa,GENOA,fantacalcio-it-statistiche,Genoa
a8b7fe3a-b655-5478-ac48-5828d58bd23f,fe0e462e-aa67-5c25-8430-b057edb567b2,Inter,INTER,fantacalcio-it-statistiche,Inter
7b207a7a-917c-5e1b-9f6e-da2583fe38cd,dd0c334e-d69d-55e7-af24-add94fea3cd4,Juventus,JUVENTUS,fantacalcio-it-statistiche,Juventus
7b04ddc0-30f6-54af-ae3a-2dd37c3f0193,6a75a23a-b5b3-536f-9dc4-0018a49e7850,Lazio,LAZIO,fantacalcio-it-statistiche,Lazio
8be05f79-439d-576a-8300-83ba59156152,61cb3832-4d4c-557a-85e5-835d4007536c,Lecce,LECCE,fantacalcio-it-statistiche,Lecce
8ad96003-de56-5934-87ee-eeb7c9e4a982,de2b8afd-0048-545c-b7bf-b27eb2998809,Milan,MILAN,fantacalcio-it-statistiche,Milan
65e567e2-5a77-50aa-b402-1942ebf4d8a3,f1d047fc-8dc4-5034-8348-ad2ce23ae075,Monza,MONZA,fantacalcio-it-statistiche,Monza
dc996cb8-1162-5372-80b4-b7463a0e74d3,62deac80-04a4-5a6a-a1c5-3bae896c0c5d,Napoli,NAPOLI,fantacalcio-it-statistiche,Napoli
7ec072ab-8712-51d6-9718-10a2973abdff,546c46a4-a3cb-5443-afce-b3c4ffd02a72,Parma,PARMA,fantacalcio-it-statistiche,Parma
c25efa46-e01c-5bb7-a30a-0bf63b329847,0814a12e-c3ad-50f6-865e-7070a5242681,Roma,ROMA,fantacalcio-it-statistiche,Roma
5e6af42c-7fd9-59d2-8236-45ba9c734717,8691d209-d404-5965-b49a-3199d6f06bd8,Sassuolo,SASSUOLO,fantacalcio-it-statistiche,Sassuolo
1c96d296-aa1f-5f92-b8d2-6a841c695f3f,fd045612-0e5a-5ef9-9ffc-360113d4ec9b,Torino,TORINO,fantacalcio-it-statistiche,Torino
b4cec30a-eb88-5e2f-81e7-6bcefdec821d,9f0ff749-2ab2-5949-8516-c04ce23188f4,Udinese,UDINESE,fantacalcio-it-statistiche,Udinese
b978f66a-1595-593e-9893-8583d5ae23bb,8f7aaa64-9717-5e68-a8eb-08eefc308d04,Venezia,VENEZIA,fantacalcio-it-statistiche,Venezia
37d45a3b-97a8-5b2e-97e0-00cec4a0ea61,f735161e-69bc-5c69-b217-5b2f10e3e504,Atalanta,ATALANTA,fantacalcio-it-quotazioni,Atalanta
e1ed2e79-6683-5483-b5cd-480a4898a02e,740bb690-b53e-5df2-9f3c-58589f8bcbe2,Bologna,BOLOGNA,fantacalcio-it-quotazioni,Bologna
c19cdf14-ff1b-5909-8ce7-5f8244251257,b9b43615-5ac4-534c-b25e-f7740e1ec2b7,Cagliari,CAGLIARI,fantacalcio-it-quotazioni,Cagliari
44e36cf1-1ab6-5537-af29-fe5168412f6d,8fca0816-3433-5dd8-861a-1896349018dc,Como,COMO,fantacalcio-it-quotazioni,Como
82fa7fcd-28c9-5564-8a82-2ccec6f99403,347e4f27-7775-5e5a-ba32-1f8fe5ca0055,Fiorentina,FIORENTINA,fantacalcio-it-quotazioni,Fiorentina
1ea35ffb-7418-517e-8115-d9a1d813cd4e,191dfcb8-5792-5b4e-8a83-87400b40da98,Frosinone,FROSINONE,fantacalcio-it-quotazioni,Frosinone
304deea3-fea2-50f2-9118-866e32e36962,d0656bdb-b09d-5448-bb0d-7968ca0c80ab,Genoa,GENOA,fantacalcio-it-quotazioni,Genoa
7ee8ba4a-c98f-53d1-974e-2a00ed7f212d,fe0e462e-aa67-5c25-8430-b057edb567b2,Inter,INTER,fantacalcio-it-quotazioni,Inter
27c401df-0ba4-55b0-b09d-76d4c4a0d19a,dd0c334e-d69d-55e7-af24-add94fea3cd4,Juventus,JUVENTUS,fantacalcio-it-quotazioni,Juventus
2812e329-d14d-53e7-bf86-9aeb08bfc071,6a75a23a-b5b3-536f-9dc4-0018a49e7850,Lazio,LAZIO,fantacalcio-it-quotazioni,Lazio
06330403-f08a-5324-aa14-68f67b21e988,61cb3832-4d4c-557a-85e5-835d4007536c,Lecce,LECCE,fantacalcio-it-quotazioni,Lecce
c989e317-8b14-5c9f-b446-e56dc685f263,de2b8afd-0048-545c-b7bf-b27eb2998809,Milan,MILAN,fantacalcio-it-quotazioni,Milan
a7a8b995-73b5-5e0b-9c66-9e9315688866,f1d047fc-8dc4-5034-8348-ad2ce23ae075,Monza,MONZA,fantacalcio-it-quotazioni,Monza
688796f0-7bee-5b58-ae39-c778a92b98f3,62deac80-04a4-5a6a-a1c5-3bae896c0c5d,Napoli,NAPOLI,fantacalcio-it-quotazioni,Napoli
255e4f95-d149-5186-b02a-073918d340c1,546c46a4-a3cb-5443-afce-b3c4ffd02a72,Parma,PARMA,fantacalcio-it-quotazioni,Parma
0b3746b7-fdbb-5aee-bd2a-a8965eb85b42,0814a12e-c3ad-50f6-865e-7070a5242681,Roma,ROMA,fantacalcio-it-quotazioni,Roma
54da960f-2b2c-59a2-a866-566049460b7f,8691d209-d404-5965-b49a-3199d6f06bd8,Sassuolo,SASSUOLO,fantacalcio-it-quotazioni,Sassuolo
434ae3d5-a396-5672-ad09-935747b18ce9,fd045612-0e5a-5ef9-9ffc-360113d4ec9b,Torino,TORINO,fantacalcio-it-quotazioni,Torino
6e9c6767-6939-5801-b2be-97b4a5288d12,9f0ff749-2ab2-5949-8516-c04ce23188f4,Udinese,UDINESE,fantacalcio-it-quotazioni,Udinese
ae42afd5-a632-5599-bde3-f712550807d3,8f7aaa64-9717-5e68-a8eb-08eefc308d04,Venezia,VENEZIA,fantacalcio-it-quotazioni,Venezia
